,periodStartDate,platformCode,channelCode,marketingInvestment,impressions,clicks,visits,conversions,deliveries
0,2020-01-02,AdWords,adwords_bra,167.09,408,266,306,4,4
1,2020-01-02,AdWords,adwords_dsa,31.06,370,12,11,0,0
2,2020-01-02,AdWords,adwords_pla,10868.92,191564,2609,2667,27,27
3,2020-01-02,AdWords,adwords_rem,762.06,24668,386,429,3,3
4,2020-01-02,AdWords,adwords_sea,41.59,531,26,36,0,0
5,2020-01-02,FirmyCz,zbozi,80.54,600,4,2,0,0
6,2020-01-02,HeurekaCz,heureka,262.39,0,52,69,3,3
7,2020-01-02,Not tracked,notset,0.0,0,0,0,16,14
8,2020-01-02,RtbHouse,rtbhouse,92.4,0,0,63,1,1
9,2020-01-02,Silverpop,emailing,1290.32,0,0,1824,23,23
10,2020-01-02,Sklik,sklik_bra,97.0,223,150,161,4,3
11,2020-01-02,Sklik,sklik_pla,270.9,3113,61,56,0,0
12,2020-01-02,Sklik,sklik_rem,400.79999999999995,14101,130,144,0,0
13,2020-01-02,Sklik,sklik_sea,110.88,702,52,54,2,2
14,2020-01-02,ZboziCz,zbozi,738.01,2526,102,57,1,1
15,2020-01-02,unpaid,direct,0.0,0,0,502,7,6
16,2020-01-02,unpaid,facebook,0.0,0,0,34,1,1
17,2020-01-02,unpaid,internal,0.0,0,0,130,0,0
18,2020-01-02,unpaid,notset,0.0,0,0,33,2,2
19,2020-01-02,unpaid,organic,0.0,0,0,678,7,7
20,2020-01-02,unpaid,push,0.0,0,0,1,0,0
21,2020-01-02,unpaid,referral,0.0,0,0,253,1,1
22,2020-01-03,AdWords,adwords_bra,125.52,508,258,305,6,6
23,2020-01-03,AdWords,adwords_dsa,30.05,269,11,13,0,0
24,2020-01-03,AdWords,adwords_pla,10081.41,177758,2525,2610,21,21
25,2020-01-03,AdWords,adwords_rem,416.75,20264,265,299,1,1
26,2020-01-03,AdWords,adwords_sea,44.43,566,18,25,0,0
27,2020-01-03,FirmyCz,zbozi,80.54,600,3,3,0,0
28,2020-01-03,HeurekaCz,heureka,0.0,0,0,36,0,0
29,2020-01-03,Not tracked,notset,0.0,0,0,0,13,13
30,2020-01-03,RtbHouse,rtbhouse,237.85,73849,1910,1217,3,3
31,2020-01-03,Silverpop,emailing,1290.32,0,0,1987,23,23
32,2020-01-03,Sklik,sklik_bra,86.7,205,141,163,6,6
33,2020-01-03,Sklik,sklik_pla,194.6,2760,45,43,0,0
34,2020-01-03,Sklik,sklik_rem,410.4,14775,133,136,0,0
35,2020-01-03,Sklik,sklik_sea,187.20000000000002,642,65,70,1,1
36,2020-01-03,ZboziCz,zbozi,401.76,2500,53,43,0,0
37,2020-01-03,unpaid,direct,0.0,0,0,471,5,5
38,2020-01-03,unpaid,facebook,0.0,0,0,15,0,0
39,2020-01-03,unpaid,internal,0.0,0,0,129,1,1
40,2020-01-03,unpaid,notset,0.0,0,0,35,0,0
41,2020-01-03,unpaid,organic,0.0,0,0,629,6,6
42,2020-01-03,unpaid,referral,0.0,0,0,229,2,2
43,2020-01-04,AdWords,adwords_bra,125.0,417,221,246,4,4
44,2020-01-04,AdWords,adwords_dsa,11.22,199,4,3,0,0
45,2020-01-04,AdWords,adwords_pla,10215.04,176408,2632,2645,13,13
46,2020-01-04,AdWords,adwords_rem,368.99,18230,232,257,1,1
47,2020-01-04,AdWords,adwords_sea,51.35,603,30,35,0,0
48,2020-01-04,FirmyCz,zbozi,80.54,600,3,0,0,0
49,2020-01-04,HeurekaCz,heureka,0.0,0,0,25,0,0
50,2020-01-04,Not tracked,notset,0.0,0,0,0,6,6
51,2020-01-04,RtbHouse,rtbhouse,2055.39,75035,2329,1463,7,6
52,2020-01-04,Silverpop,emailing,1290.32,0,0,991,21,21
53,2020-01-04,Sklik,sklik_bra,78.8,185,141,154,4,4
54,2020-01-04,Sklik,sklik_pla,283.9,2130,68,67,2,2
55,2020-01-04,Sklik,sklik_rem,368.8,15327,127,125,0,0
56,2020-01-04,Sklik,sklik_sea,153.0,415,58,62,0,0
57,2020-01-04,ZboziCz,zbozi,585.8,2550,56,46,1,1
58,2020-01-04,unpaid,direct,0.0,0,0,459,1,1
59,2020-01-04,unpaid,facebook,0.0,0,0,21,0,0
60,2020-01-04,unpaid,internal,0.0,0,0,100,0,0
61,2020-01-04,unpaid,notset,0.0,0,0,5,0,0
62,2020-01-04,unpaid,organic,0.0,0,0,698,6,6
63,2020-01-04,unpaid,push,0.0,0,0,1,0,0
64,2020-01-04,unpaid,referral,0.0,0,0,296,1,1
65,2020-01-05,AdWords,adwords_bra,101.08,396,234,272,9,8
66,2020-01-05,AdWords,adwords_dsa,29.04,316,12,10,0,0
67,2020-01-05,AdWords,adwords_pla,12527.45,206494,2909,2984,21,21
68,2020-01-05,AdWords,adwords_rem,377.44,16279,225,261,1,1
69,2020-01-05,AdWords,adwords_sea,51.84,606,31,39,0,0
70,2020-01-05,FirmyCz,zbozi,80.54,600,3,2,0,0
71,2020-01-05,HeurekaCz,heureka,0.0,0,0,18,0,0
72,2020-01-05,Not tracked,notset,0.0,0,0,0,10,10
73,2020-01-05,RtbHouse,rtbhouse,1473.47,63749,1853,1179,7,6
74,2020-01-05,Silverpop,emailing,1290.32,0,0,471,22,22
75,2020-01-05,Sklik,sklik_bra,103.3,190,141,167,4,4
76,2020-01-05,Sklik,sklik_pla,190.4,2208,46,53,1,1
77,2020-01-05,Sklik,sklik_rem,423.40000000000003,16045,135,133,1,1
78,2020-01-05,Sklik,sklik_sea,164.28,493,63,63,0,0
79,2020-01-05,ZboziCz,zbozi,611.68,2792,69,52,3,3
80,2020-01-05,unpaid,direct,0.0,0,0,537,3,3
81,2020-01-05,unpaid,facebook,0.0,0,0,19,0,0
82,2020-01-05,unpaid,internal,0.0,0,0,104,0,0
83,2020-01-05,unpaid,notset,0.0,0,0,15,0,0
84,2020-01-05,unpaid,organic,0.0,0,0,676,8,8
85,2020-01-05,unpaid,referral,0.0,0,0,309,2,1
86,2020-01-06,AdWords,adwords_bra,183.68,501,276,317,19,18
87,2020-01-06,AdWords,adwords_dsa,19.77,243,9,9,0,0
88,2020-01-06,AdWords,adwords_pla,11932.36,213024,2629,2732,27,27
89,2020-01-06,AdWords,adwords_rem,406.8,14839,192,215,1,1
90,2020-01-06,AdWords,adwords_sea,42.31,513,25,34,1,1
91,2020-01-06,FirmyCz,zbozi,80.54,704,4,2,0,0
92,2020-01-06,HeurekaCz,heureka,0.0,0,0,21,2,2
93,2020-01-06,Not tracked,notset,0.0,0,0,0,17,16
94,2020-01-06,RtbHouse,rtbhouse,1255.79,53141,1067,780,2,2
95,2020-01-06,Silverpop,emailing,1290.32,0,0,1766,22,22
96,2020-01-06,Sklik,sklik_bra,83.9,212,141,162,4,3
97,2020-01-06,Sklik,sklik_pla,272.9,3178,63,60,1,1
98,2020-01-06,Sklik,sklik_rem,405.0,16457,127,119,1,1
99,2020-01-06,Sklik,sklik_sea,152.60000000000002,474,56,58,2,2
100,2020-01-06,ZboziCz,zbozi,270.91,2458,57,45,3,3
101,2020-01-06,unpaid,direct,0.0,0,0,6539,14,13
102,2020-01-06,unpaid,display,0.0,0,0,1,0,0
103,2020-01-06,unpaid,facebook,0.0,0,0,12,0,0
104,2020-01-06,unpaid,internal,0.0,0,0,153,0,0
105,2020-01-06,unpaid,notset,0.0,0,0,33,1,0
106,2020-01-06,unpaid,organic,0.0,0,0,752,10,8
107,2020-01-06,unpaid,referral,0.0,0,0,249,5,3
108,2020-01-07,AdWords,adwords_bra,232.31,471,260,294,10,10
109,2020-01-07,AdWords,adwords_dsa,22.23,261,9,7,0,0
110,2020-01-07,AdWords,adwords_pla,10677.21,194255,2401,2522,19,19
111,2020-01-07,AdWords,adwords_rem,328.11,14578,201,226,1,1
112,2020-01-07,AdWords,adwords_sea,54.18,532,28,41,0,0
113,2020-01-07,FacebookBusinessAdsManager,facebook,48.32,678,51,0,0,0
114,2020-01-07,FirmyCz,zbozi,80.54,705,4,5,0,0
115,2020-01-07,HeurekaCz,heureka,0.0,0,0,22,2,2
116,2020-01-07,Not tracked,notset,0.0,0,0,0,23,22
117,2020-01-07,RtbHouse,rtbhouse,645.22,39461,819,614,2,2
118,2020-01-07,Silverpop,emailing,1290.32,0,0,1387,18,18
119,2020-01-07,Sklik,sklik_bra,99.7,169,129,147,5,5
120,2020-01-07,Sklik,sklik_pla,254.8,2860,56,56,2,2
121,2020-01-07,Sklik,sklik_rem,337.0,16831,105,115,1,1
122,2020-01-07,Sklik,sklik_sea,141.18,599,51,51,1,0
123,2020-01-07,ZboziCz,zbozi,455.52,2430,51,41,0,0
124,2020-01-07,unpaid,direct,0.0,0,0,538,14,12
125,2020-01-07,unpaid,facebook,0.0,0,0,18,0,0
126,2020-01-07,unpaid,internal,0.0,0,0,160,0,0
127,2020-01-07,unpaid,notset,0.0,0,0,33,2,2
128,2020-01-07,unpaid,organic,0.0,0,0,748,12,12
129,2020-01-07,unpaid,referral,0.0,0,0,333,1,1
130,2020-01-08,AdWords,adwords_bra,135.33,469,259,296,15,15
131,2020-01-08,AdWords,adwords_dsa,14.47,218,5,5,0,0
132,2020-01-08,AdWords,adwords_pla,9670.99,183557,2311,2397,25,24
133,2020-01-08,AdWords,adwords_rem,282.86,13564,165,186,0,0
134,2020-01-08,AdWords,adwords_sea,54.69,636,25,32,1,1
135,2020-01-08,Adform,adform_prospecting,0.0,0,0,1,0,0
136,2020-01-08,FacebookBusinessAdsManager,facebook,59.52,1102,48,0,0,0
137,2020-01-08,FirmyCz,zbozi,80.54,704,4,1,1,1
138,2020-01-08,HeurekaCz,heureka,0.0,0,0,17,0,0
139,2020-01-08,Not tracked,notset,0.0,0,0,0,25,25
140,2020-01-08,RtbHouse,rtbhouse,4110.37,36406,764,575,10,10
141,2020-01-08,Silverpop,emailing,1290.32,0,0,1182,29,28
142,2020-01-08,Sklik,sklik_bra,89.2,190,143,156,6,6
143,2020-01-08,Sklik,sklik_pla,231.4,2662,54,57,0,0
144,2020-01-08,Sklik,sklik_rem,424.7,16616,130,128,1,1
145,2020-01-08,Sklik,sklik_sea,175.10000000000002,588,60,60,2,2
146,2020-01-08,ZboziCz,zbozi,514.96,2604,65,48,1,1
147,2020-01-08,unpaid,direct,0.0,0,0,578,9,9
148,2020-01-08,unpaid,facebook,0.0,0,0,77,0,0
149,2020-01-08,unpaid,internal,0.0,0,0,114,0,0
150,2020-01-08,unpaid,notset,0.0,0,0,18,1,1
151,2020-01-08,unpaid,organic,0.0,0,0,700,7,7
152,2020-01-08,unpaid,referral,0.0,0,0,216,4,4
153,2020-01-09,AdWords,adwords_bra,146.3,455,248,275,14,14
154,2020-01-09,AdWords,adwords_dsa,37.57,285,11,10,0,0
155,2020-01-09,AdWords,adwords_pla,10051.06,180899,2377,2415,24,24
156,2020-01-09,AdWords,adwords_rem,326.43,13405,194,234,2,2
157,2020-01-09,AdWords,adwords_sea,62.3,595,26,30,0,0
158,2020-01-09,FacebookBusinessAdsManager,facebook,162.02,1822,97,0,0,0
159,2020-01-09,FirmyCz,zbozi,80.54,705,5,3,0,0
160,2020-01-09,HeurekaCz,heureka,61.52,0,14,29,2,2
161,2020-01-09,Not tracked,notset,0.0,0,0,0,15,13
162,2020-01-09,RtbHouse,rtbhouse,1885.06,28713,592,467,8,6
163,2020-01-09,Silverpop,emailing,1290.32,0,0,1558,12,12
164,2020-01-09,Sklik,notset,0.0,0,0,1,0,0
165,2020-01-09,Sklik,sklik_bra,95.5,210,147,154,5,5
166,2020-01-09,Sklik,sklik_pla,228.9,2849,55,51,0,0
167,2020-01-09,Sklik,sklik_rem,397.3,16258,125,138,2,2
168,2020-01-09,Sklik,sklik_sea,120.12,783,56,56,0,0
169,2020-01-09,ZboziCz,zbozi,686.6,2616,64,51,0,0
170,2020-01-09,unpaid,direct,0.0,0,0,564,8,8
171,2020-01-09,unpaid,display,0.0,0,0,1,0,0
172,2020-01-09,unpaid,facebook,0.0,0,0,26,0,0
173,2020-01-09,unpaid,internal,0.0,0,0,159,0,0
174,2020-01-09,unpaid,notset,0.0,0,0,30,1,1
175,2020-01-09,unpaid,organic,0.0,0,0,786,14,14
176,2020-01-09,unpaid,push,0.0,0,0,1,0,0
177,2020-01-09,unpaid,referral,0.0,0,0,235,3,3
178,2020-01-10,AdWords,adwords_bra,167.62,475,271,326,10,8
179,2020-01-10,AdWords,adwords_dsa,771.53,1457,66,63,0,0
180,2020-01-10,AdWords,adwords_pla,9643.55,178749,2327,2430,25,25
181,2020-01-10,AdWords,adwords_rem,330.28,14553,200,250,1,1
182,2020-01-10,AdWords,adwords_sea,49.010000000000005,516,24,31,0,0
183,2020-01-10,FacebookBusinessAdsManager,facebook,130.14,1316,97,0,0,0
184,2020-01-10,FirmyCz,zbozi,80.54,704,4,1,0,0
185,2020-01-10,HeurekaCz,heureka,222.34,0,41,54,1,1
186,2020-01-10,Not tracked,notset,0.0,0,0,0,18,17
187,2020-01-10,RtbHouse,rtbhouse,1311.11,21780,504,390,4,4
188,2020-01-10,Silverpop,emailing,1290.32,0,0,1381,25,24
189,2020-01-10,Sklik,sklik_bra,84.8,193,133,147,7,6
190,2020-01-10,Sklik,sklik_pla,197.4,3019,44,49,0,0
191,2020-01-10,Sklik,sklik_rem,384.5,15907,118,124,2,2
192,2020-01-10,Sklik,sklik_sea,112.28,550,56,56,0,0
193,2020-01-10,ZboziCz,zbozi,353.3,2485,48,40,0,0
194,2020-01-10,unpaid,direct,0.0,0,0,548,8,8
195,2020-01-10,unpaid,facebook,0.0,0,0,29,1,1
196,2020-01-10,unpaid,internal,0.0,0,0,144,0,0
197,2020-01-10,unpaid,notset,0.0,0,0,35,0,0
198,2020-01-10,unpaid,organic,0.0,0,0,654,10,10
199,2020-01-10,unpaid,referral,0.0,0,0,270,2,2
200,2020-01-11,AdWords,adwords_bra,85.1,344,177,202,4,4
201,2020-01-11,AdWords,adwords_dsa,339.72,1152,50,46,0,0
202,2020-01-11,AdWords,adwords_pla,6050.13,130332,1760,1835,15,15
203,2020-01-11,AdWords,adwords_rem,283.97,13414,175,199,0,0
204,2020-01-11,AdWords,adwords_sea,38.120000000000005,369,25,26,0,0
205,2020-01-11,FirmyCz,zbozi,80.54,704,4,2,0,0
206,2020-01-11,HeurekaCz,heureka,158.95,0,32,49,1,1
207,2020-01-11,Not tracked,notset,0.0,0,0,0,3,3
208,2020-01-11,RtbHouse,rtbhouse,722.5,18850,403,357,3,3
209,2020-01-11,Silverpop,emailing,1290.32,0,0,1013,12,12
210,2020-01-11,Sklik,sklik_bra,60.8,133,89,95,3,3
211,2020-01-11,Sklik,sklik_pla,184.7,1875,42,43,1,1
212,2020-01-11,Sklik,sklik_rem,347.2,13918,112,125,0,0
213,2020-01-11,Sklik,sklik_sea,55.38,363,35,37,0,0
214,2020-01-11,ZboziCz,zbozi,376.51,2215,59,48,0,0
215,2020-01-11,unpaid,direct,0.0,0,0,491,4,4
216,2020-01-11,unpaid,facebook,0.0,0,0,85,0,0
217,2020-01-11,unpaid,internal,0.0,0,0,126,0,0
218,2020-01-11,unpaid,notset,0.0,0,0,14,0,0
219,2020-01-11,unpaid,organic,0.0,0,0,571,2,2
220,2020-01-11,unpaid,push,0.0,0,0,1,0,0
221,2020-01-11,unpaid,referral,0.0,0,0,298,1,1
222,2020-01-12,AdWords,adwords_bra,125.66,413,245,281,5,5
223,2020-01-12,AdWords,adwords_dsa,491.57,1176,65,63,0,0
224,2020-01-12,AdWords,adwords_pla,9221.71,171284,2366,2427,23,23
225,2020-01-12,AdWords,adwords_rem,351.95,14662,211,229,1,1
226,2020-01-12,AdWords,adwords_sea,49.97,499,24,39,0,0
227,2020-01-12,FirmyCz,zbozi,80.54,705,4,3,0,0
228,2020-01-12,HeurekaCz,heureka,160.42000000000002,0,28,45,1,1
229,2020-01-12,Not tracked,notset,0.0,0,0,0,6,5
230,2020-01-12,RtbHouse,rtbhouse,1262.05,22468,492,386,4,3
231,2020-01-12,Silverpop,emailing,1290.32,0,0,466,14,14
232,2020-01-12,Sklik,sklik_bra,71.1,176,118,121,5,5
233,2020-01-12,Sklik,sklik_pla,236.9,4484,56,61,1,1
234,2020-01-12,Sklik,sklik_rem,392.3,14351,119,123,0,0
235,2020-01-12,Sklik,sklik_sea,130.01999999999998,528,70,74,1,1
236,2020-01-12,ZboziCz,zbozi,510.84,2950,66,45,1,1
237,2020-01-12,unpaid,direct,0.0,0,0,518,13,12
238,2020-01-12,unpaid,facebook,0.0,0,0,31,0,0
239,2020-01-12,unpaid,internal,0.0,0,0,113,0,0
240,2020-01-12,unpaid,notset,0.0,0,0,23,0,0
241,2020-01-12,unpaid,organic,0.0,0,0,698,8,8
242,2020-01-12,unpaid,referral,0.0,0,0,279,3,2
243,2020-01-13,AdWords,adwords_bra,185.56,554,291,362,18,17
244,2020-01-13,AdWords,adwords_dsa,448.31,1186,54,49,0,0
245,2020-01-13,AdWords,adwords_pla,11091.91,204461,2581,2638,25,25
246,2020-01-13,AdWords,adwords_rem,318.64,17408,179,198,2,2
247,2020-01-13,AdWords,adwords_sea,76.05,665,35,38,0,0
248,2020-01-13,Adform,adform_prospecting,0.0,0,0,1,0,0
249,2020-01-13,FirmyCz,zbozi,80.54,759,4,4,0,0
250,2020-01-13,HeurekaCz,heureka,115.17,0,27,60,2,2
251,2020-01-13,Not tracked,notset,0.0,0,0,0,24,24
252,2020-01-13,RtbHouse,rtbhouse,1685.42,24267,434,378,6,6
253,2020-01-13,Silverpop,emailing,1290.32,0,0,1442,23,23
254,2020-01-13,Sklik,sklik_bra,101.3,211,143,157,5,5
255,2020-01-13,Sklik,sklik_pla,237.0,3513,56,56,1,1
256,2020-01-13,Sklik,sklik_rem,398.2,17061,120,115,4,4
257,2020-01-13,Sklik,sklik_sea,127.24000000000001,714,51,56,0,0
258,2020-01-13,ZboziCz,zbozi,635.59,2850,59,48,2,2
259,2020-01-13,unpaid,direct,0.0,0,0,607,9,8
260,2020-01-13,unpaid,facebook,0.0,0,0,18,0,0
261,2020-01-13,unpaid,internal,0.0,0,0,150,0,0
262,2020-01-13,unpaid,notset,0.0,0,0,31,2,2
263,2020-01-13,unpaid,organic,0.0,0,0,827,11,11
264,2020-01-13,unpaid,referral,0.0,0,0,242,0,0
265,2020-01-14,AdWords,adwords_bra,191.89,503,261,307,12,11
266,2020-01-14,AdWords,adwords_dsa,492.24,1671,71,67,0,0
267,2020-01-14,AdWords,adwords_pla,9395.36,189266,2232,2363,17,16
268,2020-01-14,AdWords,adwords_rem,354.84,14429,189,227,1,1
269,2020-01-14,AdWords,adwords_sea,92.21000000000001,634,47,57,0,0
270,2020-01-14,FirmyCz,zbozi,80.54,758,4,1,0,0
271,2020-01-14,HeurekaCz,heureka,163.82999999999998,0,35,56,2,2
272,2020-01-14,Not tracked,notset,0.0,0,0,0,18,16
273,2020-01-14,RtbHouse,rtbhouse,1373.16,24651,447,321,5,4
274,2020-01-14,Silverpop,emailing,1290.32,0,0,2690,51,37
275,2020-01-14,Sklik,sklik_bra,81.0,211,143,152,5,4
276,2020-01-14,Sklik,sklik_pla,323.0,3097,72,66,6,6
277,2020-01-14,Sklik,sklik_rem,354.9,15807,110,122,1,1
278,2020-01-14,Sklik,sklik_sea,147.9,575,63,58,1,1
279,2020-01-14,ZboziCz,zbozi,619.85,2768,74,52,2,2
280,2020-01-14,unpaid,direct,0.0,0,0,589,8,7
281,2020-01-14,unpaid,facebook,0.0,0,0,35,0,0
282,2020-01-14,unpaid,internal,0.0,0,0,163,0,0
283,2020-01-14,unpaid,notset,0.0,0,0,31,0,0
284,2020-01-14,unpaid,organic,0.0,0,0,736,12,10
285,2020-01-14,unpaid,push,0.0,0,0,1,0,0
286,2020-01-14,unpaid,referral,0.0,0,0,218,4,3
287,2020-01-15,AdWords,adwords_bra,160.49,478,268,326,14,14
288,2020-01-15,AdWords,adwords_dsa,488.91,1578,64,67,0,0
289,2020-01-15,AdWords,adwords_pla,9803.06,180791,2343,2437,33,33
290,2020-01-15,AdWords,adwords_rem,658.08,22654,307,334,3,2
291,2020-01-15,AdWords,adwords_sea,49.239999999999995,633,27,33,0,0
292,2020-01-15,FacebookBusinessAdsManager,facebook,24.89,3481,5,0,0,0
293,2020-01-15,FirmyCz,zbozi,80.54,758,4,5,0,0
294,2020-01-15,HeurekaCz,heureka,252.47,0,45,65,1,1
295,2020-01-15,Not tracked,notset,0.0,0,0,0,16,15
296,2020-01-15,RtbHouse,rtbhouse,1024.49,25097,446,350,4,4
297,2020-01-15,Silverpop,emailing,1290.32,0,0,1536,25,18
298,2020-01-15,Sklik,sklik_bra,78.7,171,126,136,8,8
299,2020-01-15,Sklik,sklik_pla,162.2,3562,39,38,0,0
300,2020-01-15,Sklik,sklik_rem,401.4,17229,119,117,1,1
301,2020-01-15,Sklik,sklik_sea,157.79,693,68,64,3,3
302,2020-01-15,ZboziCz,zbozi,582.14,2750,57,45,1,1
303,2020-01-15,unpaid,direct,0.0,0,0,538,8,8
304,2020-01-15,unpaid,facebook,0.0,0,0,12,0,0
305,2020-01-15,unpaid,internal,0.0,0,0,143,1,1
306,2020-01-15,unpaid,notset,0.0,0,0,37,2,1
307,2020-01-15,unpaid,organic,0.0,0,0,737,7,7
308,2020-01-15,unpaid,referral,0.0,0,0,207,0,0
309,2020-01-16,AdWords,adwords_bra,140.59,563,295,328,8,7
310,2020-01-16,AdWords,adwords_dsa,402.12,1645,66,53,0,0
311,2020-01-16,AdWords,adwords_pla,6777.77,135285,1601,1685,23,23
312,2020-01-16,AdWords,adwords_rem,678.13,23344,313,325,0,0
313,2020-01-16,AdWords,adwords_sea,78.24,576,33,40,0,0
314,2020-01-16,FacebookBusinessAdsManager,facebook,135.38,6956,57,0,0,0
315,2020-01-16,FirmyCz,zbozi,80.54,759,4,0,0,0
316,2020-01-16,HeurekaCz,heureka,156.06,0,25,38,0,0
317,2020-01-16,Not tracked,notset,0.0,0,0,0,13,13
318,2020-01-16,RtbHouse,rtbhouse,840.98,26607,580,433,4,3
319,2020-01-16,Silverpop,emailing,1290.32,0,0,1399,18,13
320,2020-01-16,Sklik,sklik_bra,100.2,199,139,148,5,5
321,2020-01-16,Sklik,sklik_pla,306.4,3907,72,68,2,2
322,2020-01-16,Sklik,sklik_rem,391.1,15476,109,110,0,0
323,2020-01-16,Sklik,sklik_sea,135.38,645,63,65,1,1
324,2020-01-16,ZboziCz,zbozi,600.51,2884,63,54,0,0
325,2020-01-16,unpaid,direct,0.0,0,0,746,8,8
326,2020-01-16,unpaid,facebook,0.0,0,0,20,1,1
327,2020-01-16,unpaid,internal,0.0,0,0,137,0,0
328,2020-01-16,unpaid,notset,0.0,0,0,32,1,1
329,2020-01-16,unpaid,organic,0.0,0,0,750,6,5
330,2020-01-16,unpaid,referral,0.0,0,0,252,2,2
331,2020-01-17,AdWords,adwords_bra,141.75,437,230,279,6,5
332,2020-01-17,AdWords,adwords_dsa,396.68,1390,64,60,0,0
333,2020-01-17,AdWords,adwords_pla,1731.33,49053,391,548,5,5
334,2020-01-17,AdWords,adwords_rem,683.33,23553,287,313,1,1
335,2020-01-17,AdWords,adwords_sea,41.53,530,23,27,0,0
336,2020-01-17,FacebookBusinessAdsManager,facebook,203.03,8200,99,0,0,0
337,2020-01-17,FirmyCz,zbozi,80.54,758,4,1,0,0
338,2020-01-17,HeurekaCz,heureka,84.52000000000001,0,14,20,1,1
339,2020-01-17,Not tracked,notset,0.0,0,0,0,13,12
340,2020-01-17,RtbHouse,rtbhouse,1172.54,24241,554,440,5,5
341,2020-01-17,Silverpop,emailing,1290.32,0,0,1625,19,18
342,2020-01-17,Sklik,sklik_bra,83.2,185,135,143,7,6
343,2020-01-17,Sklik,sklik_pla,295.1,3181,66,63,0,0
344,2020-01-17,Sklik,sklik_rem,349.1,16437,105,121,2,2
345,2020-01-17,Sklik,sklik_sea,193.39999999999998,602,74,72,0,0
346,2020-01-17,ZboziCz,zbozi,546.55,2387,65,50,0,0
347,2020-01-17,unpaid,direct,0.0,0,0,567,3,3
348,2020-01-17,unpaid,facebook,0.0,0,0,20,0,0
349,2020-01-17,unpaid,internal,0.0,0,0,90,0,0
350,2020-01-17,unpaid,notset,0.0,0,0,20,1,1
351,2020-01-17,unpaid,organic,0.0,0,0,731,12,12
352,2020-01-17,unpaid,referral,0.0,0,0,186,1,1
353,2020-01-18,AdWords,adwords_bra,76.2,423,243,275,9,8
354,2020-01-18,AdWords,adwords_dsa,321.13,1303,53,54,1,1
355,2020-01-18,AdWords,adwords_pla,785.34,24502,217,294,3,3
356,2020-01-18,AdWords,adwords_rem,432.94,16646,193,206,1,1
357,2020-01-18,AdWords,adwords_sea,62.370000000000005,449,39,54,0,0
358,2020-01-18,FacebookBusinessAdsManager,facebook,46.89,6327,19,0,0,0
359,2020-01-18,FirmyCz,zbozi,80.54,758,4,1,0,0
360,2020-01-18,HeurekaCz,heureka,102.28999999999999,0,22,39,1,1
361,2020-01-18,Not tracked,notset,0.0,0,0,0,5,5
362,2020-01-18,RtbHouse,rtbhouse,486.85,15658,433,349,2,2
363,2020-01-18,Silverpop,emailing,1290.32,0,0,833,16,13
364,2020-01-18,Sklik,sklik_bra,75.1,172,128,142,1,0
365,2020-01-18,Sklik,sklik_pla,287.9,5031,66,65,1,1
366,2020-01-18,Sklik,sklik_rem,356.8,13043,109,114,0,0
367,2020-01-18,Sklik,sklik_sea,172.8,552,63,67,2,2
368,2020-01-18,ZboziCz,zbozi,648.27,2535,73,61,1,1
369,2020-01-18,unpaid,direct,0.0,0,0,464,3,3
370,2020-01-18,unpaid,display,0.0,0,0,2,0,0
371,2020-01-18,unpaid,facebook,0.0,0,0,23,0,0
372,2020-01-18,unpaid,internal,0.0,0,0,76,0,0
373,2020-01-18,unpaid,notset,0.0,0,0,12,0,0
374,2020-01-18,unpaid,organic,0.0,0,0,686,3,3
375,2020-01-18,unpaid,referral,0.0,0,0,238,1,0
376,2020-01-19,AdWords,adwords_bra,173.22,461,263,318,10,9
377,2020-01-19,AdWords,adwords_dsa,435.95,1168,64,64,0,0
378,2020-01-19,AdWords,adwords_pla,6333.83,108863,1578,1819,11,11
379,2020-01-19,AdWords,adwords_rem,720.67,22350,349,365,0,0
380,2020-01-19,AdWords,adwords_sea,42.75,462,22,38,0,0
381,2020-01-19,FacebookBusinessAdsManager,facebook,39.8,5838,10,0,0,0
382,2020-01-19,FirmyCz,zbozi,80.54,758,4,0,0,0
383,2020-01-19,HeurekaCz,heureka,118.44,0,24,33,0,0
384,2020-01-19,Not tracked,notset,0.0,0,0,0,12,11
385,2020-01-19,RtbHouse,rtbhouse,2194.18,18368,543,406,6,5
386,2020-01-19,Silverpop,emailing,1290.32,0,0,451,14,12
387,2020-01-19,Sklik,notset,0.0,0,0,1,0,0
388,2020-01-19,Sklik,sklik_bra,97.8,204,151,168,8,8
389,2020-01-19,Sklik,sklik_pla,210.5,3085,52,51,2,2
390,2020-01-19,Sklik,sklik_rem,402.09999999999997,11960,122,125,0,0
391,2020-01-19,Sklik,sklik_sea,148.2,569,63,68,1,1
392,2020-01-19,ZboziCz,zbozi,468.67,2873,74,57,1,1
393,2020-01-19,unpaid,direct,0.0,0,0,481,9,9
394,2020-01-19,unpaid,display,0.0,0,0,1,0,0
395,2020-01-19,unpaid,facebook,0.0,0,0,13,0,0
396,2020-01-19,unpaid,internal,0.0,0,0,106,0,0
397,2020-01-19,unpaid,notset,0.0,0,0,18,1,1
398,2020-01-19,unpaid,organic,0.0,0,0,764,11,9
399,2020-01-19,unpaid,referral,0.0,0,0,265,2,2
400,2020-01-20,AdWords,adwords_bra,204.31,538,257,313,10,10
401,2020-01-20,AdWords,adwords_dsa,404.52,1187,54,56,0,0
402,2020-01-20,AdWords,adwords_pla,9824.19,193755,2280,2333,16,15
403,2020-01-20,AdWords,adwords_rem,836.95,29537,395,423,2,2
404,2020-01-20,AdWords,adwords_sea,79.38,488,39,52,0,0
405,2020-01-20,FacebookBusinessAdsManager,facebook,180.04,8786,384,0,0,0
406,2020-01-20,FirmyCz,zbozi,80.54,599,3,4,0,0
407,2020-01-20,HeurekaCz,heureka,147.17,0,33,49,3,3
408,2020-01-20,Not tracked,notset,0.0,0,0,0,22,20
409,2020-01-20,RtbHouse,rtbhouse,149.06,22289,518,409,2,2
410,2020-01-20,Silverpop,emailing,1290.32,0,0,1334,18,17
411,2020-01-20,Sklik,sklik_bra,93.4,177,126,155,11,11
412,2020-01-20,Sklik,sklik_pla,280.2,3014,63,63,1,1
413,2020-01-20,Sklik,sklik_rem,394.2,16205,119,138,1,1
414,2020-01-20,Sklik,sklik_sea,113.1,538,58,60,1,1
415,2020-01-20,ZboziCz,zbozi,417.57,2723,58,57,2,2
416,2020-01-20,unpaid,direct,0.0,0,0,587,9,9
417,2020-01-20,unpaid,facebook,0.0,0,0,26,1,1
418,2020-01-20,unpaid,internal,0.0,0,0,162,0,0
419,2020-01-20,unpaid,notset,0.0,0,0,18,1,1
420,2020-01-20,unpaid,organic,0.0,0,0,824,11,10
421,2020-01-20,unpaid,referral,0.0,0,0,172,1,1
422,2020-01-21,AdWords,adwords_bra,136.53,484,263,306,12,11
423,2020-01-21,AdWords,adwords_dsa,390.1,1245,56,55,0,0
424,2020-01-21,AdWords,adwords_pla,9987.55,198368,2355,2411,22,22
425,2020-01-21,AdWords,adwords_rem,774.29,28057,360,387,0,0
426,2020-01-21,AdWords,adwords_sea,45.769999999999996,367,26,42,0,0
427,2020-01-21,FacebookBusinessAdsManager,facebook,213.75,11558,422,0,0,0
428,2020-01-21,FirmyCz,zbozi,80.54,598,3,3,0,0
429,2020-01-21,HeurekaCz,heureka,208.96,0,39,40,1,1
430,2020-01-21,Not tracked,notset,0.0,0,0,0,18,18
431,2020-01-21,RtbHouse,rtbhouse,578.14,18217,471,349,2,2
432,2020-01-21,Silverpop,emailing,1290.32,0,0,1690,16,16
433,2020-01-21,Sklik,sklik_bra,91.8,219,131,150,4,4
434,2020-01-21,Sklik,sklik_pla,243.6,2996,54,55,0,0
435,2020-01-21,Sklik,sklik_rem,324.7,16910,98,110,0,0
436,2020-01-21,Sklik,sklik_sea,147.1,693,51,48,0,0
437,2020-01-21,ZboziCz,zbozi,421.92,2614,55,46,1,1
438,2020-01-21,unpaid,direct,0.0,0,0,584,6,6
439,2020-01-21,unpaid,facebook,0.0,0,0,72,0,0
440,2020-01-21,unpaid,internal,0.0,0,0,155,0,0
441,2020-01-21,unpaid,notset,0.0,0,0,24,1,1
442,2020-01-21,unpaid,organic,0.0,0,0,756,11,11
443,2020-01-21,unpaid,referral,0.0,0,0,154,3,3
444,2020-01-22,AdWords,adwords_bra,128.31,443,229,272,9,7
445,2020-01-22,AdWords,adwords_dsa,334.22,1285,45,50,2,2
446,2020-01-22,AdWords,adwords_pla,9802.28,192039,2330,2312,28,28
447,2020-01-22,AdWords,adwords_rem,950.74,29881,382,420,1,1
448,2020-01-22,AdWords,adwords_sea,36.74,390,18,27,0,0
449,2020-01-22,FacebookBusinessAdsManager,facebook,202.59,11090,395,0,0,0
450,2020-01-22,FirmyCz,zbozi,80.54,599,3,3,0,0
451,2020-01-22,HeurekaCz,heureka,131.65,0,23,41,1,1
452,2020-01-22,Not tracked,notset,0.0,0,0,0,17,17
453,2020-01-22,RtbHouse,rtbhouse,1633.1,35586,914,655,7,7
454,2020-01-22,Silverpop,emailing,1290.32,0,0,1628,26,26
455,2020-01-22,Sklik,sklik_bra,76.0,182,115,133,5,5
456,2020-01-22,Sklik,sklik_pla,326.2,3311,77,78,2,2
457,2020-01-22,Sklik,sklik_rem,373.09999999999997,16952,106,121,2,2
458,2020-01-22,Sklik,sklik_sea,118.78,702,50,50,0,0
459,2020-01-22,ZboziCz,zbozi,611.41,2576,57,45,1,1
460,2020-01-22,unpaid,direct,0.0,0,0,543,12,11
461,2020-01-22,unpaid,facebook,0.0,0,0,21,0,0
462,2020-01-22,unpaid,internal,0.0,0,0,201,0,0
463,2020-01-22,unpaid,notset,0.0,0,0,24,0,0
464,2020-01-22,unpaid,organic,0.0,0,0,716,12,11
465,2020-01-22,unpaid,push,0.0,0,0,1,0,0
466,2020-01-22,unpaid,referral,0.0,0,0,207,1,1
467,2020-01-23,AdWords,adwords_bra,129.78,429,236,282,6,6
468,2020-01-23,AdWords,adwords_dsa,409.22,1094,61,58,0,0
469,2020-01-23,AdWords,adwords_pla,8717.08,177365,2191,2207,13,13
470,2020-01-23,AdWords,adwords_rem,917.22,27564,353,376,1,1
471,2020-01-23,AdWords,adwords_sea,26.88,393,14,21,0,0
472,2020-01-23,FacebookBusinessAdsManager,facebook,215.58,14361,294,0,0,0
473,2020-01-23,FirmyCz,zbozi,80.54,599,3,3,0,0
474,2020-01-23,HeurekaCz,heureka,197.61,0,38,54,2,2
475,2020-01-23,Not tracked,notset,0.0,0,0,0,15,14
476,2020-01-23,RtbHouse,rtbhouse,1162.41,37371,916,685,6,6
477,2020-01-23,Silverpop,emailing,1290.32,0,0,1592,33,33
478,2020-01-23,Sklik,sklik_bra,82.4,238,130,144,6,6
479,2020-01-23,Sklik,sklik_pla,268.8,3256,63,64,1,1
480,2020-01-23,Sklik,sklik_rem,353.1,16674,108,108,3,2
481,2020-01-23,Sklik,sklik_sea,157.07999999999998,831,57,54,0,0
482,2020-01-23,ZboziCz,zbozi,465.87,2832,67,52,1,1
483,2020-01-23,unpaid,direct,0.0,0,0,538,9,8
484,2020-01-23,unpaid,facebook,0.0,0,0,50,1,1
485,2020-01-23,unpaid,internal,0.0,0,0,162,0,0
486,2020-01-23,unpaid,notset,0.0,0,0,22,1,1
487,2020-01-23,unpaid,organic,0.0,0,0,649,9,8
488,2020-01-23,unpaid,push,0.0,0,0,1,0,0
489,2020-01-23,unpaid,referral,0.0,0,0,142,1,1
490,2020-01-24,AdWords,adwords_bra,107.43,385,182,229,3,3
491,2020-01-24,AdWords,adwords_dsa,410.12,1348,53,53,0,0
492,2020-01-24,AdWords,adwords_pla,7890.35,159346,2027,2061,25,25
493,2020-01-24,AdWords,adwords_rem,848.32,26340,331,341,1,1
494,2020-01-24,AdWords,adwords_sea,40.27,412,19,25,0,0
495,2020-01-24,FacebookBusinessAdsManager,facebook,257.92,24366,62,0,0,0
496,2020-01-24,FirmyCz,zbozi,80.54,598,3,3,0,0
497,2020-01-24,HeurekaCz,heureka,132.55,0,29,38,1,1
498,2020-01-24,Not tracked,notset,0.0,0,0,0,19,19
499,2020-01-24,RtbHouse,rtbhouse,1518.05,33094,906,658,7,6
500,2020-01-24,Silverpop,emailing,1290.32,0,0,1544,22,21
501,2020-01-24,Sklik,sklik_bra,80.4,159,106,122,6,6
502,2020-01-24,Sklik,sklik_pla,262.3,3144,64,58,0,0
503,2020-01-24,Sklik,sklik_rem,339.3,13711,97,112,2,2
504,2020-01-24,Sklik,sklik_sea,106.78,519,40,39,0,0
505,2020-01-24,ZboziCz,zbozi,761.54,2536,63,47,0,0
506,2020-01-24,unpaid,direct,0.0,0,0,612,5,5
507,2020-01-24,unpaid,facebook,0.0,0,0,140,0,0
508,2020-01-24,unpaid,internal,0.0,0,0,100,1,1
509,2020-01-24,unpaid,notset,0.0,0,0,14,0,0
510,2020-01-24,unpaid,organic,0.0,0,0,612,5,5
511,2020-01-24,unpaid,referral,0.0,0,0,133,2,2
512,2020-01-25,AdWords,adwords_bra,126.73,345,198,203,5,4
513,2020-01-25,AdWords,adwords_dsa,316.22,995,54,50,0,0
514,2020-01-25,AdWords,adwords_pla,6518.8,129723,1895,1838,7,7
515,2020-01-25,AdWords,adwords_rem,742.89,22927,301,304,2,2
516,2020-01-25,AdWords,adwords_sea,26.79,345,21,31,0,0
517,2020-01-25,FacebookBusinessAdsManager,facebook,378.64,21413,194,0,0,0
518,2020-01-25,FirmyCz,zbozi,80.54,599,3,0,0,0
519,2020-01-25,HeurekaCz,heureka,161.3,0,36,39,0,0
520,2020-01-25,Not tracked,notset,0.0,0,0,0,4,4
521,2020-01-25,RtbHouse,rtbhouse,0.0,28136,891,587,0,0
522,2020-01-25,Silverpop,emailing,1290.32,0,0,738,15,14
523,2020-01-25,Sklik,sklik_bra,64.8,145,110,107,2,2
524,2020-01-25,Sklik,sklik_pla,230.7,2142,51,44,1,1
525,2020-01-25,Sklik,sklik_rem,355.8,13486,106,108,0,0
526,2020-01-25,Sklik,sklik_sea,125.4,452,54,53,0,0
527,2020-01-25,ZboziCz,zbozi,522.5,2331,53,42,0,0
528,2020-01-25,unpaid,direct,0.0,0,0,513,7,6
529,2020-01-25,unpaid,facebook,0.0,0,0,57,1,1
530,2020-01-25,unpaid,internal,0.0,0,0,105,0,0
531,2020-01-25,unpaid,notset,0.0,0,0,11,0,0
532,2020-01-25,unpaid,organic,0.0,0,0,528,3,2
533,2020-01-25,unpaid,referral,0.0,0,0,105,0,0
534,2020-01-26,AdWords,adwords_bra,106.45,369,203,252,6,6
535,2020-01-26,AdWords,adwords_dsa,343.7,1308,57,57,0,0
536,2020-01-26,AdWords,adwords_pla,8772.84,166698,2353,2336,21,20
537,2020-01-26,AdWords,adwords_rem,842.29,23869,313,356,4,4
538,2020-01-26,AdWords,adwords_sea,49.81999999999999,483,30,43,0,0
539,2020-01-26,FacebookBusinessAdsManager,facebook,301.48,18435,161,0,0,0
540,2020-01-26,FirmyCz,zbozi,80.54,598,3,1,0,0
541,2020-01-26,HeurekaCz,heureka,252.85,0,48,69,3,3
542,2020-01-26,Not tracked,notset,0.0,0,0,0,10,9
543,2020-01-26,RtbHouse,rtbhouse,912.03,34994,946,690,3,3
544,2020-01-26,Silverpop,emailing,1290.32,0,0,425,15,14
545,2020-01-26,Sklik,sklik_bra,0.0,0,0,160,4,4
546,2020-01-26,Sklik,sklik_pla,0.0,0,0,68,0,0
547,2020-01-26,Sklik,sklik_rem,0.0,0,0,131,2,2
548,2020-01-26,Sklik,sklik_sea,0.0,0,0,79,0,0
549,2020-01-26,ZboziCz,zbozi,812.39,2939,79,65,1,1
550,2020-01-26,unpaid,direct,0.0,0,0,480,3,3
551,2020-01-26,unpaid,facebook,0.0,0,0,136,1,1
552,2020-01-26,unpaid,internal,0.0,0,0,123,0,0
553,2020-01-26,unpaid,notset,0.0,0,0,17,0,0
554,2020-01-26,unpaid,organic,0.0,0,0,622,2,2
555,2020-01-26,unpaid,referral,0.0,0,0,162,3,3
556,2020-01-27,AdWords,adwords_bra,191.67,443,246,288,14,13
557,2020-01-27,AdWords,adwords_dsa,429.37,1288,55,53,0,0
558,2020-01-27,AdWords,adwords_pla,9255.09,211267,2600,2655,23,21
559,2020-01-27,AdWords,adwords_rem,1438.38,40617,450,495,0,0
560,2020-01-27,AdWords,adwords_sea,35.95,446,24,36,0,0
561,2020-01-27,FirmyCz,zbozi,80.54,672,3,1,0,0
562,2020-01-27,HeurekaCz,heureka,205.22,0,42,58,1,1
563,2020-01-27,Not tracked,notset,0.0,0,0,0,18,17
564,2020-01-27,RtbHouse,rtbhouse,2417.82,35549,846,677,7,6
565,2020-01-27,Silverpop,emailing,1290.32,0,0,1703,26,26
566,2020-01-27,Sklik,sklik_bra,75.9,191,127,146,5,5
567,2020-01-27,Sklik,sklik_pla,282.2,3163,63,74,1,1
568,2020-01-27,Sklik,sklik_rem,401.59999999999997,17087,117,121,1,1
569,2020-01-27,Sklik,sklik_sea,163.7,806,69,67,0,0
570,2020-01-27,ZboziCz,zbozi,871.45,2882,60,50,0,0
571,2020-01-27,unpaid,direct,0.0,0,0,710,6,6
572,2020-01-27,unpaid,facebook,0.0,0,0,27,0,0
573,2020-01-27,unpaid,internal,0.0,0,0,159,0,0
574,2020-01-27,unpaid,notset,0.0,0,0,36,0,0
575,2020-01-27,unpaid,organic,0.0,0,0,733,13,13
576,2020-01-27,unpaid,referral,0.0,0,0,127,2,2
577,2020-01-28,AdWords,adwords_bra,116.4,392,207,238,4,4
578,2020-01-28,AdWords,adwords_dsa,82.82,271,12,12,0,0
579,2020-01-28,AdWords,adwords_pla,10015.56,196658,2441,2477,31,28
580,2020-01-28,AdWords,adwords_rem,1590.69,44409,499,526,2,2
581,2020-01-28,AdWords,adwords_sea,57.47,417,27,33,0,0
582,2020-01-28,FacebookBusinessAdsManager,facebook,209.75,5908,312,0,0,0
583,2020-01-28,FirmyCz,zbozi,80.54,672,2,1,0,0
584,2020-01-28,HeurekaCz,heureka,178.56,0,31,47,1,0
585,2020-01-28,Not tracked,notset,0.0,0,0,0,12,12
586,2020-01-28,RtbHouse,rtbhouse,823.81,25058,638,477,3,2
587,2020-01-28,Silverpop,emailing,1290.32,0,0,1456,18,17
588,2020-01-28,Sklik,sklik_bra,77.5,178,129,158,8,8
589,2020-01-28,Sklik,sklik_pla,281.2,2879,62,66,2,2
590,2020-01-28,Sklik,sklik_rem,348.8,13423,99,102,3,3
591,2020-01-28,Sklik,sklik_sea,163.28,662,74,72,1,1
592,2020-01-28,ZboziCz,zbozi,643.07,2833,62,52,0,0
593,2020-01-28,unpaid,direct,0.0,0,0,493,12,12
594,2020-01-28,unpaid,facebook,0.0,0,0,165,0,0
595,2020-01-28,unpaid,internal,0.0,0,0,143,0,0
596,2020-01-28,unpaid,notset,0.0,0,0,24,0,0
597,2020-01-28,unpaid,organic,0.0,0,0,734,8,8
598,2020-01-28,unpaid,referral,0.0,0,0,126,0,0
599,2020-01-29,AdWords,adwords_bra,144.59,449,224,266,9,9
600,2020-01-29,AdWords,adwords_dsa,0.0,0,0,1,0,0
601,2020-01-29,AdWords,adwords_pla,9228.24,186392,2273,2324,25,25
602,2020-01-29,AdWords,adwords_rem,1482.49,39937,456,504,3,3
603,2020-01-29,AdWords,adwords_sea,64.62,493,29,44,0,0
604,2020-01-29,FacebookBusinessAdsManager,facebook,190.25,5626,255,0,0,0
605,2020-01-29,FirmyCz,zbozi,80.54,672,2,5,0,0
606,2020-01-29,HeurekaCz,heureka,247.11,0,48,53,1,1
607,2020-01-29,Not tracked,notset,0.0,0,0,0,28,24
608,2020-01-29,RtbHouse,rtbhouse,695.37,22579,549,424,3,3
609,2020-01-29,Silverpop,emailing,1290.32,0,0,1409,28,27
610,2020-01-29,Sklik,sklik_bra,81.5,200,138,163,3,3
611,2020-01-29,Sklik,sklik_pla,239.5,3152,53,54,0,0
612,2020-01-29,Sklik,sklik_rem,409.7,15246,117,104,1,1
613,2020-01-29,Sklik,sklik_sea,141.10000000000002,652,60,58,0,0
614,2020-01-29,ZboziCz,zbozi,714.72,2817,87,61,1,1
615,2020-01-29,unpaid,direct,0.0,0,0,486,9,9
616,2020-01-29,unpaid,facebook,0.0,0,0,129,0,0
617,2020-01-29,unpaid,internal,0.0,0,0,162,0,0
618,2020-01-29,unpaid,notset,0.0,0,0,27,0,0
619,2020-01-29,unpaid,organic,0.0,0,0,707,15,13
620,2020-01-29,unpaid,referral,0.0,0,0,132,1,1
621,2020-01-30,AdWords,adwords_bra,152.2,446,251,291,10,9
622,2020-01-30,AdWords,adwords_dsa,0.0,0,0,1,0,0
623,2020-01-30,AdWords,adwords_pla,8174.1,164280,2086,2172,28,28
624,2020-01-30,AdWords,adwords_rem,1439.44,38898,453,491,1,1
625,2020-01-30,AdWords,adwords_sea,39.45,407,21,28,1,1
626,2020-01-30,FirmyCz,zbozi,80.54,673,3,2,0,0
627,2020-01-30,HeurekaCz,heureka,180.07999999999998,0,43,48,2,2
628,2020-01-30,Not tracked,notset,0.0,0,0,0,26,25
629,2020-01-30,RtbHouse,rtbhouse,487.08,26351,631,492,1,1
630,2020-01-30,Silverpop,emailing,1290.32,0,0,1561,27,27
631,2020-01-30,Sklik,sklik_bra,61.5,182,116,136,6,5
632,2020-01-30,Sklik,sklik_pla,300.5,3276,65,65,2,2
633,2020-01-30,Sklik,sklik_rem,391.2,16257,116,113,2,2
634,2020-01-30,Sklik,sklik_sea,164.7,763,60,59,0,0
635,2020-01-30,ZboziCz,zbozi,835.43,2257,78,59,4,4
636,2020-01-30,unpaid,direct,0.0,0,0,611,7,6
637,2020-01-30,unpaid,display,0.0,0,0,1,0,0
638,2020-01-30,unpaid,facebook,0.0,0,0,23,0,0
639,2020-01-30,unpaid,internal,0.0,0,0,172,1,1
640,2020-01-30,unpaid,notset,0.0,0,0,20,0,0
641,2020-01-30,unpaid,organic,0.0,0,0,649,10,10
642,2020-01-30,unpaid,referral,0.0,0,0,116,1,1
643,2020-01-31,AdWords,adwords_bra,111.64,387,188,235,10,10
644,2020-01-31,AdWords,adwords_pla,7311.52,147741,1909,1977,17,17
645,2020-01-31,AdWords,adwords_rem,1557.59,39570,495,534,1,1
646,2020-01-31,AdWords,adwords_sea,32.47,463,20,28,0,0
647,2020-01-31,FirmyCz,zbozi,80.54,672,2,1,0,0
648,2020-01-31,HeurekaCz,heureka,163.95999999999998,0,35,46,0,0
649,2020-01-31,Not tracked,notset,0.0,0,0,0,17,17
650,2020-01-31,RtbHouse,rtbhouse,3830.66,29364,811,575,6,5
651,2020-01-31,Silverpop,emailing,1290.32,0,0,1589,30,29
652,2020-01-31,Sklik,sklik_bra,67.9,182,108,128,6,6
653,2020-01-31,Sklik,sklik_pla,254.2,2823,60,67,1,1
654,2020-01-31,Sklik,sklik_rem,375.0,13291,117,124,1,1
655,2020-01-31,Sklik,sklik_sea,107.78,537,41,44,0,0
656,2020-01-31,ZboziCz,zbozi,0.0,0,0,4,0,0
657,2020-01-31,unpaid,direct,0.0,0,0,492,8,7
658,2020-01-31,unpaid,facebook,0.0,0,0,54,1,1
659,2020-01-31,unpaid,internal,0.0,0,0,152,0,0
660,2020-01-31,unpaid,notset,0.0,0,0,18,0,0
661,2020-01-31,unpaid,organic,0.0,0,0,554,8,7
662,2020-01-31,unpaid,referral,0.0,0,0,106,1,1
663,2020-02-01,AdWords,adwords_bra,89.25,311,156,197,2,2
664,2020-02-01,AdWords,adwords_dsa,0.0,0,0,1,0,0
665,2020-02-01,AdWords,adwords_pla,5133.75,112618,1593,1597,13,13
666,2020-02-01,AdWords,adwords_rem,1078.43,28399,373,381,3,3
667,2020-02-01,AdWords,adwords_sea,51.120000000000005,335,29,41,0,0
668,2020-02-01,FirmyCz,zbozi,80.54,672,2,0,0,0
669,2020-02-01,HeurekaCz,heureka,175.77,0,39,52,0,0
670,2020-02-01,Not tracked,notset,0.0,0,0,0,3,3
671,2020-02-01,RtbHouse,rtbhouse,1082.64,22449,603,449,5,5
672,2020-02-01,Silverpop,emailing,1379.31,0,0,643,15,15
673,2020-02-01,Sklik,sklik_bra,57.8,113,85,91,1,1
674,2020-02-01,Sklik,sklik_pla,266.6,2614,48,52,1,1
675,2020-02-01,Sklik,sklik_rem,333.9,11531,105,115,0,0
676,2020-02-01,Sklik,sklik_sea,105.8,441,48,47,0,0
677,2020-02-01,ZboziCz,zbozi,412.61,2382,55,45,0,0
678,2020-02-01,unpaid,direct,0.0,0,0,454,5,5
679,2020-02-01,unpaid,display,0.0,0,0,1,0,0
680,2020-02-01,unpaid,facebook,0.0,0,0,22,0,0
681,2020-02-01,unpaid,internal,0.0,0,0,106,0,0
682,2020-02-01,unpaid,notset,0.0,0,0,14,0,0
683,2020-02-01,unpaid,organic,0.0,0,0,520,6,6
684,2020-02-01,unpaid,referral,0.0,0,0,100,3,3
685,2020-02-02,AdWords,adwords_bra,93.71,372,223,267,7,7
686,2020-02-02,AdWords,adwords_dsa,0.0,0,0,1,0,0
687,2020-02-02,AdWords,adwords_pla,8881.86,170513,2466,2499,23,23
688,2020-02-02,AdWords,adwords_rem,1115.92,27362,350,387,2,2
689,2020-02-02,AdWords,adwords_sea,58.71,533,32,46,0,0
690,2020-02-02,FirmyCz,zbozi,80.54,672,2,0,0,0
691,2020-02-02,HeurekaCz,heureka,165.9,0,41,50,0,0
692,2020-02-02,Not tracked,notset,0.0,0,0,0,21,18
693,2020-02-02,RtbHouse,rtbhouse,4459.0,28093,922,607,5,5
694,2020-02-02,Silverpop,emailing,1379.31,0,0,448,18,18
695,2020-02-02,Sklik,sklik_bra,88.6,231,134,148,6,5
696,2020-02-02,Sklik,sklik_pla,309.4,2597,61,66,1,1
697,2020-02-02,Sklik,sklik_rem,392.4,12753,120,129,0,0
698,2020-02-02,Sklik,sklik_sea,215.8,616,83,79,1,1
699,2020-02-02,ZboziCz,zbozi,521.15,2894,77,57,2,2
700,2020-02-02,unpaid,direct,0.0,0,0,529,10,8
701,2020-02-02,unpaid,facebook,0.0,0,0,47,0,0
702,2020-02-02,unpaid,internal,0.0,0,0,143,0,0
703,2020-02-02,unpaid,notset,0.0,0,0,22,0,0
704,2020-02-02,unpaid,organic,0.0,0,0,636,5,5
705,2020-02-02,unpaid,referral,0.0,0,0,178,2,2
706,2020-02-03,AdWords,adwords_bra,117.02,456,253,313,16,14
707,2020-02-03,AdWords,adwords_pla,9568.6,198908,2421,2508,27,27
708,2020-02-03,AdWords,adwords_rem,1091.15,34324,331,367,3,3
709,2020-02-03,AdWords,adwords_sea,34.38,473,21,39,0,0
710,2020-02-03,FacebookBusinessAdsManager,facebook,72.82,1367,62,0,0,0
711,2020-02-03,FirmyCz,zbozi,80.54,633,4,5,0,0
712,2020-02-03,HeurekaCz,heureka,126.3,0,39,51,2,1
713,2020-02-03,Not tracked,notset,0.0,0,0,0,26,26
714,2020-02-03,RtbHouse,rtbhouse,583.9,28857,729,566,3,3
715,2020-02-03,Silverpop,emailing,1379.31,0,0,1348,21,20
716,2020-02-03,Sklik,sklik_bra,69.6,177,129,153,6,6
717,2020-02-03,Sklik,sklik_pla,262.1,3405,58,52,1,1
718,2020-02-03,Sklik,sklik_rem,348.4,14150,111,116,0,0
719,2020-02-03,Sklik,sklik_sea,152.9,657,64,59,0,0
720,2020-02-03,ZboziCz,zbozi,604.54,2880,79,56,1,1
721,2020-02-03,unpaid,direct,0.0,0,0,648,17,16
722,2020-02-03,unpaid,facebook,0.0,0,0,26,1,1
723,2020-02-03,unpaid,internal,0.0,0,0,163,0,0
724,2020-02-03,unpaid,notset,0.0,0,0,32,1,1
725,2020-02-03,unpaid,organic,0.0,0,0,788,9,8
726,2020-02-03,unpaid,referral,0.0,0,0,105,0,0
727,2020-02-04,AdWords,adwords_bra,136.54,434,248,294,11,11
728,2020-02-04,AdWords,adwords_dsa,0.0,0,0,3,0,0
729,2020-02-04,AdWords,adwords_pla,9943.04,203440,2421,2472,32,32
730,2020-02-04,AdWords,adwords_rem,991.91,29507,300,327,0,0
731,2020-02-04,AdWords,adwords_sea,49.46,550,23,38,0,0
732,2020-02-04,FacebookBusinessAdsManager,facebook,127.18,2184,62,0,0,0
733,2020-02-04,FirmyCz,zbozi,80.54,632,3,0,0,0
734,2020-02-04,HeurekaCz,heureka,119.5,0,38,56,0,0
735,2020-02-04,Not tracked,notset,0.0,0,0,0,28,27
736,2020-02-04,RtbHouse,rtbhouse,2334.02,27966,745,553,6,4
737,2020-02-04,Silverpop,emailing,1379.31,0,0,1024,24,24
738,2020-02-04,Sklik,sklik_bra,77.6,219,139,149,8,7
739,2020-02-04,Sklik,sklik_pla,306.0,2796,59,58,1,1
740,2020-02-04,Sklik,sklik_rem,324.8,13598,97,104,1,1
741,2020-02-04,Sklik,sklik_sea,160.1,638,66,67,0,0
742,2020-02-04,ZboziCz,zbozi,518.66,3051,85,61,2,2
743,2020-02-04,unpaid,direct,0.0,0,0,695,15,15
744,2020-02-04,unpaid,display,0.0,0,0,1,0,0
745,2020-02-04,unpaid,facebook,0.0,0,0,28,0,0
746,2020-02-04,unpaid,internal,0.0,0,0,155,0,0
747,2020-02-04,unpaid,notset,0.0,0,0,28,0,0
748,2020-02-04,unpaid,organic,0.0,0,0,731,9,9
749,2020-02-04,unpaid,referral,0.0,0,0,120,1,1
750,2020-02-05,AdWords,adwords_bra,119.34,430,217,255,6,5
751,2020-02-05,AdWords,adwords_pla,10039.17,196829,2406,2401,33,33
752,2020-02-05,AdWords,adwords_rem,946.71,26880,297,321,1,1
753,2020-02-05,AdWords,adwords_sea,45.32,574,25,36,0,0
754,2020-02-05,FirmyCz,zbozi,80.54,632,4,0,0,0
755,2020-02-05,HeurekaCz,heureka,122.2,0,31,45,1,1
756,2020-02-05,Not tracked,notset,0.0,0,0,0,16,16
757,2020-02-05,RtbHouse,rtbhouse,2361.69,28724,611,479,4,4
758,2020-02-05,Silverpop,emailing,1379.31,0,0,1261,16,15
759,2020-02-05,Sklik,sklik_bra,67.0,173,121,137,4,4
760,2020-02-05,Sklik,sklik_pla,314.0,3145,61,65,2,2
761,2020-02-05,Sklik,sklik_rem,336.4,13387,105,105,0,0
762,2020-02-05,Sklik,sklik_sea,142.04,658,62,71,1,1
763,2020-02-05,ZboziCz,zbozi,494.88,2688,63,44,1,0
764,2020-02-05,unpaid,direct,0.0,0,0,548,15,13
765,2020-02-05,unpaid,facebook,0.0,0,0,60,1,1
766,2020-02-05,unpaid,internal,0.0,0,0,131,0,0
767,2020-02-05,unpaid,notset,0.0,0,0,12,0,0
768,2020-02-05,unpaid,organic,0.0,0,0,724,8,8
769,2020-02-05,unpaid,referral,0.0,0,0,98,2,2
770,2020-02-06,AdWords,adwords_bra,118.92,388,232,268,14,13
771,2020-02-06,AdWords,adwords_pla,9221.23,181484,2266,2300,23,23
772,2020-02-06,AdWords,adwords_rem,925.26,24348,270,294,0,0
773,2020-02-06,AdWords,adwords_sea,53.28,463,26,38,0,0
774,2020-02-06,FacebookBusinessAdsManager,facebook,93.86,1744,97,0,0,0
775,2020-02-06,FirmyCz,zbozi,80.54,633,4,4,1,1
776,2020-02-06,HeurekaCz,heureka,149.4,0,40,55,1,1
777,2020-02-06,Not tracked,notset,0.0,0,0,0,15,14
778,2020-02-06,RtbHouse,rtbhouse,1439.19,49890,1198,823,8,7
779,2020-02-06,Silverpop,emailing,1379.31,0,0,1240,19,19
780,2020-02-06,Sklik,sklik_bra,65.0,173,113,130,6,4
781,2020-02-06,Sklik,sklik_pla,247.1,4627,50,51,0,0
782,2020-02-06,Sklik,sklik_rem,382.7,14160,123,127,0,0
783,2020-02-06,Sklik,sklik_sea,171.46,1118,73,72,1,1
784,2020-02-06,ZboziCz,zbozi,328.29,2455,52,42,1,1
785,2020-02-06,unpaid,direct,0.0,0,0,558,7,5
786,2020-02-06,unpaid,facebook,0.0,0,0,107,0,0
787,2020-02-06,unpaid,internal,0.0,0,0,141,1,1
788,2020-02-06,unpaid,notset,0.0,0,0,18,1,1
789,2020-02-06,unpaid,organic,0.0,0,0,667,8,7
790,2020-02-06,unpaid,referral,0.0,0,0,138,1,1
791,2020-02-07,AdWords,adwords_bra,134.98,335,171,202,11,11
792,2020-02-07,AdWords,adwords_pla,7487.02,156537,1913,1995,16,14
793,2020-02-07,AdWords,adwords_rem,897.13,19763,264,277,0,0
794,2020-02-07,AdWords,adwords_sea,41.07,381,21,37,0,0
795,2020-02-07,FacebookBusinessAdsManager,facebook,106.14,2542,114,0,0,0
796,2020-02-07,FirmyCz,zbozi,80.54,632,3,2,0,0
797,2020-02-07,HeurekaCz,heureka,92.0,0,27,51,1,1
798,2020-02-07,Not tracked,notset,0.0,0,0,0,12,12
799,2020-02-07,RtbHouse,rtbhouse,789.56,44870,1043,760,3,3
800,2020-02-07,Silverpop,emailing,1379.31,0,0,1552,18,18
801,2020-02-07,Sklik,sklik_bra,68.9,150,104,126,3,3
802,2020-02-07,Sklik,sklik_pla,299.6,3735,57,59,2,2
803,2020-02-07,Sklik,sklik_rem,278.4,14734,93,99,0,0
804,2020-02-07,Sklik,sklik_sea,174.32,971,71,73,0,0
805,2020-02-07,ZboziCz,zbozi,459.74,2319,50,40,0,0
806,2020-02-07,unpaid,direct,0.0,0,0,580,12,12
807,2020-02-07,unpaid,facebook,0.0,0,0,29,2,2
808,2020-02-07,unpaid,internal,0.0,0,0,125,1,1
809,2020-02-07,unpaid,notset,0.0,0,0,21,2,2
810,2020-02-07,unpaid,organic,0.0,0,0,630,6,6
811,2020-02-07,unpaid,referral,0.0,0,0,89,2,1
812,2020-02-08,AdWords,adwords_bra,71.02,268,148,170,4,4
813,2020-02-08,AdWords,adwords_pla,5655.12,121112,1654,1679,18,17
814,2020-02-08,AdWords,adwords_rem,726.95,17588,244,259,2,2
815,2020-02-08,AdWords,adwords_sea,11.799999999999999,296,11,22,0,0
816,2020-02-08,FirmyCz,zbozi,80.54,632,4,0,0,0
817,2020-02-08,HeurekaCz,heureka,123.0,0,34,44,0,0
818,2020-02-08,Not tracked,notset,0.0,0,0,0,7,7
819,2020-02-08,RtbHouse,rtbhouse,422.15,28816,802,524,4,4
820,2020-02-08,Silverpop,emailing,1379.31,0,0,829,14,14
821,2020-02-08,Sklik,sklik_bra,49.71,105,68,73,0,0
822,2020-02-08,Sklik,sklik_pla,292.8,2825,49,49,1,1
823,2020-02-08,Sklik,sklik_rem,241.7,10651,81,83,0,0
824,2020-02-08,Sklik,sklik_sea,141.35,608,51,51,1,1
825,2020-02-08,ZboziCz,zbozi,352.83,2196,63,41,1,1
826,2020-02-08,unpaid,direct,0.0,0,0,464,2,2
827,2020-02-08,unpaid,facebook,0.0,0,0,18,0,0
828,2020-02-08,unpaid,internal,0.0,0,0,110,0,0
829,2020-02-08,unpaid,notset,0.0,0,0,15,1,1
830,2020-02-08,unpaid,organic,0.0,0,0,508,5,5
831,2020-02-08,unpaid,referral,0.0,0,0,88,1,0
832,2020-02-09,AdWords,adwords_bra,81.5,322,158,201,5,5
833,2020-02-09,AdWords,adwords_pla,9128.58,163163,2315,2461,26,24
834,2020-02-09,AdWords,adwords_rem,914.51,28274,337,370,3,3
835,2020-02-09,AdWords,adwords_sea,63.59,502,41,43,0,0
836,2020-02-09,FirmyCz,zbozi,80.54,632,3,1,0,0
837,2020-02-09,HeurekaCz,heureka,128.7,0,38,58,2,2
838,2020-02-09,Not tracked,notset,0.0,0,0,0,11,11
839,2020-02-09,RtbHouse,rtbhouse,1945.54,36730,1094,667,8,8
840,2020-02-09,Silverpop,emailing,1379.31,0,0,411,11,11
841,2020-02-09,Sklik,sklik_bra,59.7,150,101,110,3,2
842,2020-02-09,Sklik,sklik_pla,197.7,3010,41,44,0,0
843,2020-02-09,Sklik,sklik_rem,280.1,12135,97,105,0,0
844,2020-02-09,Sklik,sklik_sea,204.76,772,88,86,1,1
845,2020-02-09,ZboziCz,zbozi,534.8,2777,63,49,0,0
846,2020-02-09,unpaid,direct,0.0,0,0,523,10,10
847,2020-02-09,unpaid,display,0.0,0,0,1,0,0
848,2020-02-09,unpaid,facebook,0.0,0,0,20,1,1
849,2020-02-09,unpaid,internal,0.0,0,0,118,0,0
850,2020-02-09,unpaid,notset,0.0,0,0,19,0,0
851,2020-02-09,unpaid,organic,0.0,0,0,553,7,7
852,2020-02-09,unpaid,referral,0.0,0,0,190,2,1
853,2020-02-10,AdWords,adwords_bra,159.63,463,265,306,11,11
854,2020-02-10,AdWords,adwords_dsa,0.0,0,0,1,0,0
855,2020-02-10,AdWords,adwords_pla,9622.09,187426,2262,2319,24,24
856,2020-02-10,AdWords,adwords_rem,869.53,33488,333,367,1,1
857,2020-02-10,AdWords,adwords_sea,47.24,543,28,46,0,0
858,2020-02-10,FacebookBusinessAdsManager,facebook,106.38,3294,346,0,0,0
859,2020-02-10,FirmyCz,zbozi,80.54,588,3,1,0,0
860,2020-02-10,HeurekaCz,heureka,171.5,0,47,70,3,3
861,2020-02-10,Not tracked,notset,0.0,0,0,0,19,19
862,2020-02-10,RtbHouse,rtbhouse,2284.55,27876,613,480,3,3
863,2020-02-10,Silverpop,emailing,1379.31,0,0,1339,30,29
864,2020-02-10,Sklik,sklik_bra,69.9,174,108,123,5,5
865,2020-02-10,Sklik,sklik_pla,296.8,3874,59,55,1,1
866,2020-02-10,Sklik,sklik_rem,334.0,15240,113,117,1,1
867,2020-02-10,Sklik,sklik_sea,259.94,1050,98,96,0,0
868,2020-02-10,ZboziCz,zbozi,651.42,2556,65,48,0,0
869,2020-02-10,unpaid,direct,0.0,0,0,622,12,10
870,2020-02-10,unpaid,facebook,0.0,0,0,41,0,0
871,2020-02-10,unpaid,internal,0.0,0,0,141,0,0
872,2020-02-10,unpaid,notset,0.0,0,0,33,0,0
873,2020-02-10,unpaid,organic,0.0,0,0,749,17,14
874,2020-02-10,unpaid,referral,0.0,0,0,133,1,0
875,2020-02-11,AdWords,adwords_bra,95.68,366,202,242,10,10
876,2020-02-11,AdWords,adwords_pla,11213.95,216416,2516,2577,29,29
877,2020-02-11,AdWords,adwords_rem,870.61,27680,294,313,1,1
878,2020-02-11,AdWords,adwords_sea,65.66,511,30,50,1,1
879,2020-02-11,FacebookBusinessAdsManager,facebook,173.72,6144,670,0,0,0
880,2020-02-11,FirmyCz,zbozi,80.54,589,4,2,0,0
881,2020-02-11,HeurekaCz,heureka,192.1,0,51,57,4,4
882,2020-02-11,Not tracked,notset,0.0,0,0,0,17,15
883,2020-02-11,RtbHouse,rtbhouse,1986.95,22186,578,392,3,3
884,2020-02-11,Silverpop,emailing,1379.31,0,0,1353,20,20
885,2020-02-11,Sklik,sklik_bra,71.0,159,106,116,9,9
886,2020-02-11,Sklik,sklik_pla,285.7,3409,59,59,0,0
887,2020-02-11,Sklik,sklik_rem,307.4,14292,99,104,1,1
888,2020-02-11,Sklik,sklik_sea,189.97,946,83,84,0,0
889,2020-02-11,ZboziCz,zbozi,460.58,2803,52,42,0,0
890,2020-02-11,unpaid,direct,0.0,0,0,538,12,11
891,2020-02-11,unpaid,facebook,0.0,0,0,207,2,2
892,2020-02-11,unpaid,internal,0.0,0,0,146,0,0
893,2020-02-11,unpaid,notset,0.0,0,0,19,0,0
894,2020-02-11,unpaid,organic,0.0,0,0,779,15,15
895,2020-02-11,unpaid,referral,0.0,0,0,119,1,1
896,2020-02-12,AdWords,adwords_bra,152.61,430,237,281,11,11
897,2020-02-12,AdWords,adwords_pla,11324.92,202560,2488,2568,33,31
898,2020-02-12,AdWords,adwords_rem,880.08,19820,220,263,2,2
899,2020-02-12,AdWords,adwords_sea,104.08,523,37,56,1,1
900,2020-02-12,FacebookBusinessAdsManager,facebook,273.32,15714,470,0,0,0
901,2020-02-12,FirmyCz,zbozi,80.54,589,3,1,0,0
902,2020-02-12,HeurekaCz,heureka,93.7,0,33,55,1,1
903,2020-02-12,Not tracked,notset,0.0,0,0,0,13,13
904,2020-02-12,RtbHouse,rtbhouse,1918.06,22884,537,412,5,4
905,2020-02-12,Silverpop,emailing,1379.31,0,0,1365,18,18
906,2020-02-12,Sklik,sklik_bra,69.7,188,119,127,5,4
907,2020-02-12,Sklik,sklik_pla,169.9,3058,39,41,0,0
908,2020-02-12,Sklik,sklik_rem,315.09999999999997,15267,107,114,0,0
909,2020-02-12,Sklik,sklik_sea,159.98000000000002,927,71,66,0,0
910,2020-02-12,ZboziCz,zbozi,776.45,2824,78,58,0,0
911,2020-02-12,unpaid,direct,0.0,0,0,632,13,13
912,2020-02-12,unpaid,facebook,0.0,0,0,100,1,1
913,2020-02-12,unpaid,internal,0.0,0,0,144,0,0
914,2020-02-12,unpaid,notset,0.0,0,0,24,1,1
915,2020-02-12,unpaid,organic,0.0,0,0,743,10,10
916,2020-02-12,unpaid,referral,0.0,0,0,103,0,0
917,2020-02-13,AdWords,adwords_bra,88.04,367,207,239,9,8
918,2020-02-13,AdWords,adwords_pla,8507.55,177031,2117,2240,31,31
919,2020-02-13,AdWords,adwords_rem,889.73,24517,267,282,2,2
920,2020-02-13,AdWords,adwords_sea,52.74,509,20,38,1,1
921,2020-02-13,FacebookBusinessAdsManager,facebook,146.58,3768,352,0,0,0
922,2020-02-13,FirmyCz,zbozi,80.54,589,4,4,0,0
923,2020-02-13,HeurekaCz,heureka,161.3,0,44,53,1,1
924,2020-02-13,Not tracked,notset,0.0,0,0,0,16,15
925,2020-02-13,RtbHouse,rtbhouse,1984.07,35766,971,635,6,5
926,2020-02-13,Silverpop,emailing,1379.31,0,0,1184,12,12
927,2020-02-13,Sklik,sklik_bra,72.9,165,112,123,5,5
928,2020-02-13,Sklik,sklik_pla,219.8,2620,44,53,0,0
929,2020-02-13,Sklik,sklik_rem,384.8,14910,123,118,1,0
930,2020-02-13,Sklik,sklik_sea,165.8,1035,71,64,0,0
931,2020-02-13,ZboziCz,zbozi,483.16,2567,76,62,1,1
932,2020-02-13,unpaid,direct,0.0,0,0,567,9,8
933,2020-02-13,unpaid,facebook,0.0,0,0,34,0,0
934,2020-02-13,unpaid,internal,0.0,0,0,137,0,0
935,2020-02-13,unpaid,notset,0.0,0,0,19,0,0
936,2020-02-13,unpaid,organic,0.0,0,0,652,4,4
937,2020-02-13,unpaid,referral,0.0,0,0,104,0,0
938,2020-02-14,AdWords,adwords_bra,95.84,346,173,215,7,7
939,2020-02-14,AdWords,adwords_pla,6912.21,139152,1812,1918,21,21
940,2020-02-14,AdWords,adwords_rem,748.81,22674,216,230,3,3
941,2020-02-14,AdWords,adwords_sea,51.66,440,24,36,1,1
942,2020-02-14,FacebookBusinessAdsManager,facebook,200.0,2725,72,0,0,0
943,2020-02-14,FirmyCz,zbozi,80.54,588,3,2,0,0
944,2020-02-14,HeurekaCz,heureka,71.5,0,21,35,3,3
945,2020-02-14,Not tracked,notset,0.0,0,0,0,20,17
946,2020-02-14,RtbHouse,rtbhouse,4672.51,35676,852,609,7,7
947,2020-02-14,Silverpop,emailing,1379.31,0,0,1330,17,17
948,2020-02-14,Sklik,sklik_bra,52.8,126,93,107,5,5
949,2020-02-14,Sklik,sklik_pla,168.3,2648,39,41,1,1
950,2020-02-14,Sklik,sklik_rem,288.4,13309,92,99,2,2
951,2020-02-14,Sklik,sklik_sea,159.41,913,58,58,0,0
952,2020-02-14,ZboziCz,zbozi,427.26,2420,62,54,0,0
953,2020-02-14,unpaid,direct,0.0,0,0,500,6,6
954,2020-02-14,unpaid,facebook,0.0,0,0,61,1,1
955,2020-02-14,unpaid,internal,0.0,0,0,122,0,0
956,2020-02-14,unpaid,notset,0.0,0,0,16,1,1
957,2020-02-14,unpaid,organic,0.0,0,0,593,6,5
958,2020-02-14,unpaid,referral,0.0,0,0,84,0,0
959,2020-02-15,AdWords,adwords_bra,40.05,292,132,148,4,4
960,2020-02-15,AdWords,adwords_dsa,0.0,0,0,2,0,0
961,2020-02-15,AdWords,adwords_pla,5634.59,124348,1652,1700,16,16
962,2020-02-15,AdWords,adwords_rem,892.3,20831,256,268,5,5
963,2020-02-15,AdWords,adwords_sea,27.17,321,15,28,0,0
964,2020-02-15,FirmyCz,zbozi,80.54,589,3,1,0,0
965,2020-02-15,HeurekaCz,heureka,118.0,0,29,37,0,0
966,2020-02-15,Not tracked,notset,0.0,0,0,0,7,7
967,2020-02-15,RtbHouse,rtbhouse,579.72,25645,695,510,2,1
968,2020-02-15,Silverpop,emailing,1379.31,0,0,1193,24,24
969,2020-02-15,Sklik,sklik_bra,58.2,119,89,104,3,3
970,2020-02-15,Sklik,sklik_pla,123.8,1454,35,35,0,0
971,2020-02-15,Sklik,sklik_rem,305.2,10644,90,92,2,2
972,2020-02-15,Sklik,sklik_sea,116.09,734,58,55,0,0
973,2020-02-15,ZboziCz,zbozi,453.65,2180,54,39,2,2
974,2020-02-15,unpaid,direct,0.0,0,0,436,5,5
975,2020-02-15,unpaid,display,0.0,0,0,1,0,0
976,2020-02-15,unpaid,facebook,0.0,0,0,44,0,0
977,2020-02-15,unpaid,internal,0.0,0,0,120,0,0
978,2020-02-15,unpaid,notset,0.0,0,0,15,0,0
979,2020-02-15,unpaid,organic,0.0,0,0,523,3,2
980,2020-02-15,unpaid,referral,0.0,0,0,86,2,2
981,2020-02-16,AdWords,adwords_bra,48.79,336,170,207,8,6
982,2020-02-16,AdWords,adwords_dsa,0.0,0,0,4,0,0
983,2020-02-16,AdWords,adwords_pla,9000.3,158447,2346,2399,27,27
984,2020-02-16,AdWords,adwords_rem,939.04,23522,255,281,4,4
985,2020-02-16,AdWords,adwords_sea,56.8,511,28,43,0,0
986,2020-02-16,FirmyCz,zbozi,80.54,589,4,0,0,0
987,2020-02-16,HeurekaCz,heureka,115.1,0,35,45,1,1
988,2020-02-16,Not tracked,notset,0.0,0,0,0,16,16
989,2020-02-16,RtbHouse,rtbhouse,2315.81,32785,929,640,6,4
990,2020-02-16,Silverpop,emailing,1379.31,0,0,578,21,20
991,2020-02-16,Sklik,sklik_bra,62.42,155,109,132,7,6
992,2020-02-16,Sklik,sklik_pla,170.3,2119,46,49,1,1
993,2020-02-16,Sklik,sklik_rem,268.1,10824,87,99,2,2
994,2020-02-16,Sklik,sklik_sea,149.51999999999998,916,77,80,0,0
995,2020-02-16,ZboziCz,zbozi,586.96,2897,73,44,0,0
996,2020-02-16,unpaid,direct,0.0,0,0,469,9,9
997,2020-02-16,unpaid,display,0.0,0,0,1,0,0
998,2020-02-16,unpaid,facebook,0.0,0,0,40,0,0
999,2020-02-16,unpaid,internal,0.0,0,0,132,1,1
1000,2020-02-16,unpaid,notset,0.0,0,0,29,0,0
1001,2020-02-16,unpaid,organic,0.0,0,0,673,9,9
1002,2020-02-16,unpaid,referral,0.0,0,0,102,0,0
1003,2020-02-17,AdWords,adwords_bra,118.75,471,218,258,8,8
1004,2020-02-17,AdWords,adwords_dsa,0.0,0,0,2,0,0
1005,2020-02-17,AdWords,adwords_pla,8988.86,180603,2199,2301,37,36
1006,2020-02-17,AdWords,adwords_rem,887.85,34640,270,295,1,1
1007,2020-02-17,AdWords,adwords_sea,52.64,532,25,43,0,0
1008,2020-02-17,Bing,bing,0.0,0,0,1,0,0
1009,2020-02-17,FacebookBusinessAdsManager,facebook,33.85,4648,11,0,0,0
1010,2020-02-17,FirmyCz,zbozi,80.54,653,4,0,0,0
1011,2020-02-17,HeurekaCz,heureka,136.7,0,37,58,1,1
1012,2020-02-17,Not tracked,notset,0.0,0,0,0,20,20
1013,2020-02-17,RtbHouse,rtbhouse,2485.44,41472,838,600,3,3
1014,2020-02-17,Silverpop,emailing,1379.31,0,0,2003,45,44
1015,2020-02-17,Sklik,sklik_bra,63.1,202,121,135,8,8
1016,2020-02-17,Sklik,sklik_pla,126.2,2335,44,49,3,3
1017,2020-02-17,Sklik,sklik_rem,262.4,12878,82,87,1,1
1018,2020-02-17,Sklik,sklik_sea,211.27,1017,89,91,1,1
1019,2020-02-17,ZboziCz,zbozi,532.96,2762,65,55,0,0
1020,2020-02-17,unpaid,direct,0.0,0,0,649,12,12
1021,2020-02-17,unpaid,facebook,0.0,0,0,37,2,2
1022,2020-02-17,unpaid,internal,0.0,0,0,124,0,0
1023,2020-02-17,unpaid,notset,0.0,0,0,48,1,1
1024,2020-02-17,unpaid,organic,0.0,0,0,790,12,11
1025,2020-02-17,unpaid,referral,0.0,0,0,108,0,0
1026,2020-02-18,AdWords,adwords_bra,128.57,449,228,266,10,9
1027,2020-02-18,AdWords,adwords_dsa,0.0,0,0,1,0,0
1028,2020-02-18,AdWords,adwords_pla,10999.35,216307,2531,2585,31,31
1029,2020-02-18,AdWords,adwords_rem,897.65,25657,206,215,1,1
1030,2020-02-18,AdWords,adwords_sea,55.89,607,27,46,0,0
1031,2020-02-18,FacebookBusinessAdsManager,facebook,47.02,5920,13,0,0,0
1032,2020-02-18,FirmyCz,zbozi,80.54,653,3,1,0,0
1033,2020-02-18,HeurekaCz,heureka,193.20000000000002,0,51,60,1,1
1034,2020-02-18,Not tracked,notset,0.0,0,0,0,15,14
1035,2020-02-18,RtbHouse,rtbhouse,1667.68,37283,783,556,3,2
1036,2020-02-18,Silverpop,emailing,1379.31,0,0,1405,23,23
1037,2020-02-18,Sklik,sklik_bra,59.8,204,112,132,6,5
1038,2020-02-18,Sklik,sklik_pla,79.7,2001,27,23,0,0
1039,2020-02-18,Sklik,sklik_rem,368.8,13813,109,118,0,0
1040,2020-02-18,Sklik,sklik_sea,200.24,927,77,77,1,1
1041,2020-02-18,ZboziCz,zbozi,464.16,2850,65,50,0,0
1042,2020-02-18,unpaid,direct,0.0,0,0,567,10,10
1043,2020-02-18,unpaid,facebook,0.0,0,0,16,1,1
1044,2020-02-18,unpaid,internal,0.0,0,0,129,0,0
1045,2020-02-18,unpaid,notset,0.0,0,0,28,0,0
1046,2020-02-18,unpaid,organic,0.0,0,0,789,18,16
1047,2020-02-18,unpaid,referral,0.0,0,0,93,2,2
1048,2020-02-19,AdWords,adwords_bra,143.87,484,238,258,10,9
1049,2020-02-19,AdWords,adwords_pla,13344.03,240605,2882,2916,24,24
1050,2020-02-19,AdWords,adwords_rem,867.03,24627,234,245,1,1
1051,2020-02-19,AdWords,adwords_sea,46.230000000000004,457,23,35,0,0
1052,2020-02-19,Adform,adform_prospecting,0.0,0,1,1,0,0
1053,2020-02-19,FacebookBusinessAdsManager,facebook,106.01,6415,32,0,0,0
1054,2020-02-19,FirmyCz,zbozi,80.54,653,4,0,0,0
1055,2020-02-19,HeurekaCz,heureka,111.39999999999999,0,26,56,0,0
1056,2020-02-19,Not tracked,notset,0.0,0,0,0,21,17
1057,2020-02-19,RtbHouse,rtbhouse,2268.55,40911,887,627,5,5
1058,2020-02-19,Silverpop,emailing,1379.31,0,0,1602,25,25
1059,2020-02-19,Sklik,notset,0.0,0,0,1,0,0
1060,2020-02-19,Sklik,sklik_bra,84.8,205,144,147,7,6
1061,2020-02-19,Sklik,sklik_pla,104.7,1702,36,36,1,1
1062,2020-02-19,Sklik,sklik_rem,357.8,13575,105,113,1,1
1063,2020-02-19,Sklik,sklik_sea,176.46,885,78,76,0,0
1064,2020-02-19,ZboziCz,zbozi,645.41,2824,59,52,0,0
1065,2020-02-19,unpaid,direct,0.0,0,0,610,6,6
1066,2020-02-19,unpaid,display,0.0,0,0,1,0,0
1067,2020-02-19,unpaid,facebook,0.0,0,0,19,1,0
1068,2020-02-19,unpaid,internal,0.0,0,0,153,0,0
1069,2020-02-19,unpaid,notset,0.0,0,0,34,1,1
1070,2020-02-19,unpaid,organic,0.0,0,0,743,5,5
1071,2020-02-19,unpaid,referral,0.0,0,0,83,1,1
1072,2020-02-20,AdWords,adwords_bra,101.15,461,240,282,7,7
1073,2020-02-20,AdWords,adwords_dsa,0.0,0,0,2,0,0
1074,2020-02-20,AdWords,adwords_pla,10627.79,196417,2541,2662,36,36
1075,2020-02-20,AdWords,adwords_rem,822.63,24097,216,234,2,2
1076,2020-02-20,AdWords,adwords_sea,67.86,541,26,40,0,0
1077,2020-02-20,FacebookBusinessAdsManager,facebook,178.59,11277,43,0,0,0
1078,2020-02-20,FirmyCz,zbozi,80.54,653,4,3,0,0
1079,2020-02-20,HeurekaCz,heureka,125.6,0,40,55,2,2
1080,2020-02-20,Not tracked,notset,0.0,0,0,0,21,21
1081,2020-02-20,RtbHouse,rtbhouse,1708.13,43156,948,648,9,8
1082,2020-02-20,Silverpop,emailing,1379.31,0,0,1355,26,26
1083,2020-02-20,Sklik,sklik_bra,51.8,140,91,108,4,4
1084,2020-02-20,Sklik,sklik_pla,96.4,1974,34,38,1,1
1085,2020-02-20,Sklik,sklik_rem,364.4,13302,109,109,0,0
1086,2020-02-20,Sklik,sklik_sea,202.64,889,73,75,0,0
1087,2020-02-20,ZboziCz,zbozi,590.89,2643,81,49,1,1
1088,2020-02-20,unpaid,direct,0.0,0,0,581,11,10
1089,2020-02-20,unpaid,facebook,0.0,0,0,63,0,0
1090,2020-02-20,unpaid,internal,0.0,0,0,144,0,0
1091,2020-02-20,unpaid,notset,0.0,0,0,34,0,0
1092,2020-02-20,unpaid,organic,0.0,0,0,702,19,17
1093,2020-02-20,unpaid,referral,0.0,0,0,93,1,1
1094,2020-02-21,AdWords,adwords_bra,157.1,373,209,226,6,6
1095,2020-02-21,AdWords,adwords_dsa,0.0,0,0,2,0,0
1096,2020-02-21,AdWords,adwords_pla,7942.129999999999,166211,2012,2109,18,18
1097,2020-02-21,AdWords,adwords_rem,822.14,21571,224,251,3,3
1098,2020-02-21,AdWords,adwords_sea,84.4,510,42,55,0,0
1099,2020-02-21,FacebookBusinessAdsManager,facebook,287.42,12933,82,0,0,0
1100,2020-02-21,FirmyCz,zbozi,80.54,653,3,1,0,0
1101,2020-02-21,HeurekaCz,heureka,124.9,0,31,39,1,1
1102,2020-02-21,Not tracked,notset,0.0,0,0,0,17,17
1103,2020-02-21,RtbHouse,rtbhouse,1303.78,41010,1029,649,1,1
1104,2020-02-21,Silverpop,emailing,1379.31,0,0,1574,23,21
1105,2020-02-21,Sklik,sklik_bra,57.8,147,100,115,5,4
1106,2020-02-21,Sklik,sklik_pla,91.3,1755,37,40,0,0
1107,2020-02-21,Sklik,sklik_rem,0.0,0,0,92,0,0
1108,2020-02-21,Sklik,sklik_sea,148.5,741,57,63,0,0
1109,2020-02-21,ZboziCz,zbozi,330.09,2581,40,31,0,0
1110,2020-02-21,unpaid,direct,0.0,0,0,586,6,6
1111,2020-02-21,unpaid,display,0.0,0,0,1,0,0
1112,2020-02-21,unpaid,facebook,0.0,0,0,69,0,0
1113,2020-02-21,unpaid,internal,0.0,0,0,130,1,1
1114,2020-02-21,unpaid,notset,0.0,0,0,20,1,1
1115,2020-02-21,unpaid,organic,0.0,0,0,673,6,5
1116,2020-02-21,unpaid,referral,0.0,0,0,93,2,2
1117,2020-02-22,AdWords,adwords_bra,61.32,249,124,150,6,5
1118,2020-02-22,AdWords,adwords_dsa,0.0,0,0,1,0,0
1119,2020-02-22,AdWords,adwords_pla,6036.66,128989,1721,1772,13,13
1120,2020-02-22,AdWords,adwords_rem,800.64,23399,224,265,3,3
1121,2020-02-22,AdWords,adwords_sea,64.61,346,28,33,0,0
1122,2020-02-22,FacebookBusinessAdsManager,facebook,278.14,14219,99,0,0,0
1123,2020-02-22,FirmyCz,zbozi,80.54,653,4,1,0,0
1124,2020-02-22,HeurekaCz,heureka,131.6,0,32,38,0,0
1125,2020-02-22,Not tracked,notset,0.0,0,0,0,4,3
1126,2020-02-22,RtbHouse,rtbhouse,1016.95,26117,738,461,4,4
1127,2020-02-22,Silverpop,emailing,1379.31,0,0,1044,15,13
1128,2020-02-22,Sklik,sklik_bra,58.5,124,83,97,5,5
1129,2020-02-22,Sklik,sklik_pla,99.4,1430,32,35,0,0
1130,2020-02-22,Sklik,sklik_rem,348.59999999999997,11863,108,116,1,1
1131,2020-02-22,Sklik,sklik_sea,134.22,544,52,55,0,0
1132,2020-02-22,ZboziCz,zbozi,538.49,2276,70,47,0,0
1133,2020-02-22,unpaid,direct,0.0,0,0,399,8,5
1134,2020-02-22,unpaid,facebook,0.0,0,0,28,0,0
1135,2020-02-22,unpaid,internal,0.0,0,0,122,0,0
1136,2020-02-22,unpaid,notset,0.0,0,0,12,0,0
1137,2020-02-22,unpaid,organic,0.0,0,0,506,4,3
1138,2020-02-22,unpaid,referral,0.0,0,0,60,1,0
1139,2020-02-23,AdWords,adwords_bra,106.57,369,194,228,4,4
1140,2020-02-23,AdWords,adwords_pla,10953.99,204618,2863,2881,25,24
1141,2020-02-23,AdWords,adwords_rem,941.36,23692,257,290,4,4
1142,2020-02-23,AdWords,adwords_sea,56.96,437,23,33,0,0
1143,2020-02-23,FacebookBusinessAdsManager,facebook,168.97,8231,79,0,0,0
1144,2020-02-23,FirmyCz,zbozi,80.54,653,3,0,0,0
1145,2020-02-23,HeurekaCz,heureka,190.29999999999998,0,46,65,1,1
1146,2020-02-23,Not tracked,notset,0.0,0,0,0,13,13
1147,2020-02-23,RtbHouse,rtbhouse,1048.09,38722,1102,734,5,4
1148,2020-02-23,Silverpop,emailing,1379.31,0,0,557,18,18
1149,2020-02-23,Sklik,sklik_bra,71.6,161,110,116,5,5
1150,2020-02-23,Sklik,sklik_pla,128.5,1630,41,45,1,1
1151,2020-02-23,Sklik,sklik_rem,349.3,14417,115,124,1,1
1152,2020-02-23,Sklik,sklik_sea,251.16,752,88,88,0,0
1153,2020-02-23,ZboziCz,zbozi,580.2,3444,76,54,0,0
1154,2020-02-23,unpaid,direct,0.0,0,0,519,5,4
1155,2020-02-23,unpaid,facebook,0.0,0,0,41,0,0
1156,2020-02-23,unpaid,internal,0.0,0,0,154,0,0
1157,2020-02-23,unpaid,notset,0.0,0,0,21,1,1
1158,2020-02-23,unpaid,organic,0.0,0,0,710,12,10
1159,2020-02-23,unpaid,referral,0.0,0,0,97,3,3
1160,2020-02-24,AdWords,adwords_bra,146.46,434,230,264,8,8
1161,2020-02-24,AdWords,adwords_pla,10105.18,198439,2395,2551,28,28
1162,2020-02-24,AdWords,adwords_rem,900.69,28224,246,284,1,1
1163,2020-02-24,AdWords,adwords_sea,64.06,516,34,48,0,0
1164,2020-02-24,FacebookBusinessAdsManager,facebook,137.54,6338,161,0,0,0
1165,2020-02-24,FirmyCz,zbozi,80.54,652,4,3,0,0
1166,2020-02-24,HeurekaCz,heureka,194.4,0,41,59,0,0
1167,2020-02-24,Not tracked,notset,0.0,0,0,0,18,14
1168,2020-02-24,RtbHouse,rtbhouse,2074.51,39727,860,573,4,4
1169,2020-02-24,Silverpop,emailing,1379.31,0,0,1288,20,19
1170,2020-02-24,Sklik,sklik_bra,54.8,115,80,77,5,5
1171,2020-02-24,Sklik,sklik_pla,85.0,1905,32,31,1,1
1172,2020-02-24,Sklik,sklik_rem,365.09999999999997,18629,121,123,1,1
1173,2020-02-24,Sklik,sklik_sea,174.9,863,68,65,0,0
1174,2020-02-24,ZboziCz,zbozi,333.87,2946,54,36,0,0
1175,2020-02-24,unpaid,direct,0.0,0,0,607,6,5
1176,2020-02-24,unpaid,facebook,0.0,0,0,80,0,0
1177,2020-02-24,unpaid,internal,0.0,0,0,165,0,0
1178,2020-02-24,unpaid,notset,0.0,0,0,27,1,1
1179,2020-02-24,unpaid,organic,0.0,0,0,758,9,9
1180,2020-02-24,unpaid,referral,0.0,0,0,89,1,1
1181,2020-02-25,AdWords,adwords_bra,149.2,410,236,259,6,6
1182,2020-02-25,AdWords,adwords_pla,10249.27,204468,2397,2484,22,22
1183,2020-02-25,AdWords,adwords_rem,805.8,24714,248,268,2,2
1184,2020-02-25,AdWords,adwords_sea,66.91,544,34,42,0,0
1185,2020-02-25,FacebookBusinessAdsManager,facebook,219.56,8665,259,0,0,0
1186,2020-02-25,FirmyCz,zbozi,80.54,651,3,1,0,0
1187,2020-02-25,HeurekaCz,heureka,203.1,0,52,82,1,1
1188,2020-02-25,Not tracked,notset,0.0,0,0,0,28,27
1189,2020-02-25,RtbHouse,rtbhouse,3619.62,36847,786,564,6,6
1190,2020-02-25,Silverpop,emailing,1379.31,0,0,1244,15,15
1191,2020-02-25,Sklik,sklik_bra,72.4,150,107,123,3,3
1192,2020-02-25,Sklik,sklik_pla,84.9,2150,27,29,0,0
1193,2020-02-25,Sklik,sklik_rem,405.9,19104,126,138,1,1
1194,2020-02-25,Sklik,sklik_sea,173.8,714,74,75,0,0
1195,2020-02-25,ZboziCz,zbozi,931.62,20256,507,379,5,3
1196,2020-02-25,unpaid,direct,0.0,0,0,526,11,10
1197,2020-02-25,unpaid,facebook,0.0,0,0,108,0,0
1198,2020-02-25,unpaid,internal,0.0,0,0,148,0,0
1199,2020-02-25,unpaid,notset,0.0,0,0,31,0,0
1200,2020-02-25,unpaid,organic,0.0,0,0,796,11,11
1201,2020-02-25,unpaid,referral,0.0,0,0,166,4,3
1202,2020-02-26,AdWords,adwords_bra,131.1,405,231,264,9,8
1203,2020-02-26,AdWords,adwords_pla,13950.740000000002,257814,4161,4261,70,64
1204,2020-02-26,AdWords,adwords_rem,810.65,27250,267,284,3,3
1205,2020-02-26,AdWords,adwords_sea,61.3,530,27,33,0,0
1206,2020-02-26,FacebookBusinessAdsManager,facebook,167.56,6864,157,0,0,0
1207,2020-02-26,FirmyCz,zbozi,80.54,652,3,2,0,0
1208,2020-02-26,HeurekaCz,heureka,108.2,0,33,89,0,0
1209,2020-02-26,Not tracked,notset,0.0,0,0,0,21,18
1210,2020-02-26,RtbHouse,rtbhouse,2291.83,42161,859,597,6,5
1211,2020-02-26,Silverpop,emailing,1379.31,0,0,1185,21,21
1212,2020-02-26,Sklik,sklik_bra,73.05,158,109,130,9,9
1213,2020-02-26,Sklik,sklik_pla,115.7,5250,40,40,0,0
1214,2020-02-26,Sklik,sklik_rem,404.7,21027,134,133,0,0
1215,2020-02-26,Sklik,sklik_sea,201.53,920,83,80,0,0
1216,2020-02-26,ZboziCz,zbozi,4649.84,45618,3006,2123,23,16
1217,2020-02-26,unpaid,direct,0.0,0,0,614,14,13
1218,2020-02-26,unpaid,facebook,0.0,0,0,20,0,0
1219,2020-02-26,unpaid,internal,0.0,0,0,167,0,0
1220,2020-02-26,unpaid,notset,0.0,0,0,34,2,2
1221,2020-02-26,unpaid,organic,0.0,0,0,879,8,8
1222,2020-02-26,unpaid,referral,0.0,0,0,225,5,5
1223,2020-02-27,AdWords,adwords_bra,209.16,365,210,233,17,17
1224,2020-02-27,AdWords,adwords_pla,8398.04,179492,2084,2140,19,18
1225,2020-02-27,AdWords,adwords_rem,893.68,27678,292,319,1,1
1226,2020-02-27,AdWords,adwords_sea,60.34,455,30,38,0,0
1227,2020-02-27,FacebookBusinessAdsManager,facebook,26.61,3651,5,0,0,0
1228,2020-02-27,FirmyCz,zbozi,80.54,652,4,3,0,0
1229,2020-02-27,HeurekaCz,heureka,118.7,0,36,59,1,1
1230,2020-02-27,Not tracked,notset,0.0,0,0,0,7,6
1231,2020-02-27,RtbHouse,rtbhouse,882.63,37327,709,537,3,3
1232,2020-02-27,Silverpop,emailing,1379.31,0,0,1239,9,9
1233,2020-02-27,Sklik,sklik_bra,54.8,154,87,102,6,6
1234,2020-02-27,Sklik,sklik_pla,110.0,6072,41,45,0,0
1235,2020-02-27,Sklik,sklik_rem,448.3,21416,146,131,0,0
1236,2020-02-27,Sklik,sklik_sea,158.98000000000002,935,65,61,0,0
1237,2020-02-27,ZboziCz,zbozi,0.0,0,0,14,0,0
1238,2020-02-27,unpaid,direct,0.0,0,0,668,14,14
1239,2020-02-27,unpaid,facebook,0.0,0,0,18,0,0
1240,2020-02-27,unpaid,internal,0.0,0,0,122,0,0
1241,2020-02-27,unpaid,notset,0.0,0,0,21,1,1
1242,2020-02-27,unpaid,organic,0.0,0,0,730,6,6
1243,2020-02-27,unpaid,referral,0.0,0,0,74,1,1
1244,2020-02-28,AdWords,adwords_bra,97.47,310,191,223,7,6
1245,2020-02-28,AdWords,adwords_pla,7814.96,161628,2052,2108,24,24
1246,2020-02-28,AdWords,adwords_rem,637.63,22558,215,238,2,2
1247,2020-02-28,AdWords,adwords_sea,47.03,360,22,23,0,0
1248,2020-02-28,FacebookBusinessAdsManager,facebook,25.67,3461,3,0,0,0
1249,2020-02-28,FirmyCz,zbozi,80.54,651,3,0,0,0
1250,2020-02-28,HeurekaCz,heureka,99.0,0,32,48,2,2
1251,2020-02-28,Not tracked,notset,0.0,0,0,0,15,14
1252,2020-02-28,RtbHouse,rtbhouse,1984.23,38247,754,544,9,9
1253,2020-02-28,Silverpop,emailing,1379.31,0,0,1564,33,33
1254,2020-02-28,Sklik,sklik_bra,54.4,132,94,118,5,5
1255,2020-02-28,Sklik,sklik_pla,71.1,1936,29,32,2,2
1256,2020-02-28,Sklik,sklik_rem,432.6,19045,130,130,0,0
1257,2020-02-28,Sklik,sklik_sea,175.48,835,76,81,2,2
1258,2020-02-28,ZboziCz,zbozi,0.0,0,0,5,0,0
1259,2020-02-28,unpaid,direct,0.0,0,0,524,6,6
1260,2020-02-28,unpaid,facebook,0.0,0,0,96,0,0
1261,2020-02-28,unpaid,internal,0.0,0,0,150,1,1
1262,2020-02-28,unpaid,notset,0.0,0,0,19,0,0
1263,2020-02-28,unpaid,organic,0.0,0,0,668,9,9
1264,2020-02-28,unpaid,referral,0.0,0,0,89,1,1
1265,2020-02-29,AdWords,adwords_bra,101.28,288,144,163,8,8
1266,2020-02-29,AdWords,adwords_pla,6689.74,148190,1967,1971,9,9
1267,2020-02-29,AdWords,adwords_rem,1016.95,33408,286,303,0,0
1268,2020-02-29,AdWords,adwords_sea,74.39,393,27,33,0,0
1269,2020-02-29,FacebookBusinessAdsManager,facebook,23.06,3121,4,0,0,0
1270,2020-02-29,FirmyCz,zbozi,80.54,652,3,2,0,0
1271,2020-02-29,HeurekaCz,heureka,165.4,0,41,49,2,2
1272,2020-02-29,Not tracked,notset,0.0,0,0,0,5,5
1273,2020-02-29,RtbHouse,rtbhouse,993.58,29991,736,541,5,5
1274,2020-02-29,Silverpop,emailing,1379.31,0,0,793,10,10
1275,2020-02-29,Sklik,sklik_bra,45.8,119,72,72,1,1
1276,2020-02-29,Sklik,sklik_pla,63.0,1964,25,28,0,0
1277,2020-02-29,Sklik,sklik_rem,340.3,15287,106,116,1,1
1278,2020-02-29,Sklik,sklik_sea,171.64,554,64,69,2,2
1279,2020-02-29,ZboziCz,zbozi,0.0,0,0,0,0,0
1280,2020-02-29,unpaid,direct,0.0,0,0,478,4,4
1281,2020-02-29,unpaid,facebook,0.0,0,0,28,0,0
1282,2020-02-29,unpaid,internal,0.0,0,0,105,0,0
1283,2020-02-29,unpaid,notset,0.0,0,0,21,0,0
1284,2020-02-29,unpaid,organic,0.0,0,0,546,6,6
1285,2020-02-29,unpaid,referral,0.0,0,0,95,2,2
1286,2020-02-29,unpaid,referralradiobeat,0.0,0,0,1,0,0
1287,2020-03-01,AdWords,adwords_bra,95.2,304,160,198,7,7
1288,2020-03-01,AdWords,adwords_pla,9315.119999999999,182571,2465,2478,37,37
1289,2020-03-01,AdWords,adwords_rem,893.14,23697,245,276,1,1
1290,2020-03-01,AdWords,adwords_sea,26.7,383,15,19,0,0
1291,2020-03-01,FirmyCz,zbozi,80.54,651,3,2,0,0
1292,2020-03-01,HeurekaCz,heureka,158.0,0,44,45,0,0
1293,2020-03-01,Not tracked,notset,0.0,0,0,0,8,8
1294,2020-03-01,RtbHouse,rtbhouse,1459.41,43995,1124,778,9,9
1295,2020-03-01,Silverpop,emailing,1290.32,0,0,382,11,11
1296,2020-03-01,Sklik,sklik_bra,68.1,139,103,117,3,3
1297,2020-03-01,Sklik,sklik_pla,49.9,2173,18,22,1,1
1298,2020-03-01,Sklik,sklik_rem,447.2,19830,150,162,2,2
1299,2020-03-01,Sklik,sklik_sea,173.16,656,75,72,0,0
1300,2020-03-01,ZboziCz,zbozi,512.43,2718,52,38,0,0
1301,2020-03-01,unpaid,direct,0.0,0,0,455,4,4
1302,2020-03-01,unpaid,display,0.0,0,0,1,0,0
1303,2020-03-01,unpaid,facebook,0.0,0,0,16,0,0
1304,2020-03-01,unpaid,internal,0.0,0,0,137,0,0
1305,2020-03-01,unpaid,notset,0.0,0,0,16,1,1
1306,2020-03-01,unpaid,organic,0.0,0,0,639,4,4
1307,2020-03-01,unpaid,referral,0.0,0,0,92,0,0
1308,2020-03-02,AdWords,adwords_bra,174.3,425,233,259,3,2
1309,2020-03-02,AdWords,adwords_pla,10320.69,201891,2406,2484,40,38
1310,2020-03-02,AdWords,adwords_rem,896.98,25524,212,242,2,2
1311,2020-03-02,AdWords,adwords_sea,47.269999999999996,458,24,35,0,0
1312,2020-03-02,FirmyCz,zbozi,80.54,713,6,0,0,0
1313,2020-03-02,HeurekaCz,heureka,121.6,0,37,54,2,2
1314,2020-03-02,Not tracked,notset,0.0,0,0,0,23,20
1315,2020-03-02,RtbHouse,rtbhouse,752.0,46514,1042,750,6,5
1316,2020-03-02,Silverpop,emailing,1290.32,0,0,1389,29,27
1317,2020-03-02,Sklik,sklik_bra,77.9,201,120,142,6,5
1318,2020-03-02,Sklik,sklik_pla,115.1,1860,39,37,1,1
1319,2020-03-02,Sklik,sklik_rem,360.1,22062,112,116,0,0
1320,2020-03-02,Sklik,sklik_sea,140.49,697,61,69,1,1
1321,2020-03-02,ZboziCz,zbozi,448.06,2545,54,43,2,2
1322,2020-03-02,unpaid,direct,0.0,0,0,580,9,8
1323,2020-03-02,unpaid,facebook,0.0,0,0,21,0,0
1324,2020-03-02,unpaid,internal,0.0,0,0,163,1,1
1325,2020-03-02,unpaid,notset,0.0,0,0,20,1,1
1326,2020-03-02,unpaid,organic,0.0,0,0,781,11,9
1327,2020-03-02,unpaid,referral,0.0,0,0,77,1,1
1328,2020-03-03,AdWords,adwords_bra,151.3,495,248,292,8,8
1329,2020-03-03,AdWords,adwords_pla,12343.32,227324,2781,2867,27,27
1330,2020-03-03,AdWords,adwords_rem,888.17,23493,251,278,3,3
1331,2020-03-03,AdWords,adwords_sea,76.33,640,31,41,1,1
1332,2020-03-03,FacebookBusinessAdsManager,facebook,102.94,3074,178,0,0,0
1333,2020-03-03,FirmyCz,zbozi,80.54,714,7,3,0,0
1334,2020-03-03,HeurekaCz,heureka,145.1,0,42,56,3,3
1335,2020-03-03,Not tracked,notset,0.0,0,0,0,14,12
1336,2020-03-03,RtbHouse,rtbhouse,2863.84,41698,994,712,8,7
1337,2020-03-03,Silverpop,emailing,1290.32,0,0,1610,22,21
1338,2020-03-03,Sklik,sklik_bra,55.04,132,101,114,3,3
1339,2020-03-03,Sklik,sklik_pla,102.5,1858,38,40,1,1
1340,2020-03-03,Sklik,sklik_rem,360.9,17633,118,113,3,3
1341,2020-03-03,Sklik,sklik_sea,195.29,811,76,74,1,1
1342,2020-03-03,ZboziCz,zbozi,624.1,2765,69,51,2,2
1343,2020-03-03,unpaid,direct,0.0,0,0,563,6,6
1344,2020-03-03,unpaid,facebook,0.0,0,0,57,1,1
1345,2020-03-03,unpaid,internal,0.0,0,0,204,0,0
1346,2020-03-03,unpaid,notset,0.0,0,0,26,0,0
1347,2020-03-03,unpaid,organic,0.0,0,0,806,11,11
1348,2020-03-03,unpaid,referral,0.0,0,0,113,3,2
1349,2020-03-04,AdWords,adwords_bra,146.94,450,231,278,10,9
1350,2020-03-04,AdWords,adwords_pla,11838.72,209817,2617,2623,35,35
1351,2020-03-04,AdWords,adwords_rem,882.92,15846,188,189,1,1
1352,2020-03-04,AdWords,adwords_sea,53.21,442,22,29,0,0
1353,2020-03-04,FacebookBusinessAdsManager,facebook,150.02,5698,250,0,0,0
1354,2020-03-04,FirmyCz,zbozi,80.54,714,6,3,0,0
1355,2020-03-04,HeurekaCz,heureka,112.8,0,35,48,3,3
1356,2020-03-04,Not tracked,notset,0.0,0,0,0,22,21
1357,2020-03-04,RtbHouse,rtbhouse,896.51,39661,880,643,5,5
1358,2020-03-04,Silverpop,emailing,1290.32,0,0,1316,28,27
1359,2020-03-04,Sklik,sklik_bra,70.97,134,96,104,3,3
1360,2020-03-04,Sklik,sklik_pla,171.1,1643,51,43,1,1
1361,2020-03-04,Sklik,sklik_rem,386.8,16335,127,129,4,4
1362,2020-03-04,Sklik,sklik_sea,142.39,719,58,58,0,0
1363,2020-03-04,ZboziCz,zbozi,696.57,2406,68,51,0,0
1364,2020-03-04,unpaid,direct,0.0,0,0,516,5,4
1365,2020-03-04,unpaid,facebook,0.0,0,0,104,1,1
1366,2020-03-04,unpaid,internal,0.0,0,0,213,1,1
1367,2020-03-04,unpaid,notset,0.0,0,0,26,0,0
1368,2020-03-04,unpaid,organic,0.0,0,0,720,5,5
1369,2020-03-04,unpaid,referral,0.0,0,0,104,0,0
1370,2020-03-05,AdWords,adwords_bra,193.18,393,212,269,7,7
1371,2020-03-05,AdWords,adwords_pla,9002.43,191322,2124,2240,25,25
1372,2020-03-05,AdWords,adwords_rem,829.97,25127,234,246,1,1
1373,2020-03-05,AdWords,adwords_sea,69.72,466,29,35,0,0
1374,2020-03-05,FacebookBusinessAdsManager,facebook,191.01,6977,285,0,0,0
1375,2020-03-05,FirmyCz,zbozi,80.54,714,7,2,0,0
1376,2020-03-05,HeurekaCz,heureka,139.8,0,43,43,3,3
1377,2020-03-05,Not tracked,notset,0.0,0,0,0,17,16
1378,2020-03-05,RtbHouse,rtbhouse,757.17,35405,789,574,2,2
1379,2020-03-05,Silverpop,emailing,1290.32,0,0,1098,15,14
1380,2020-03-05,Sklik,sklik_bra,59.7,161,106,130,8,7
1381,2020-03-05,Sklik,sklik_pla,94.7,1909,36,36,0,0
1382,2020-03-05,Sklik,sklik_rem,429.5,15532,132,118,1,1
1383,2020-03-05,Sklik,sklik_sea,149.75,870,62,63,2,2
1384,2020-03-05,ZboziCz,zbozi,655.19,2561,63,48,1,1
1385,2020-03-05,unpaid,direct,0.0,0,0,517,12,9
1386,2020-03-05,unpaid,facebook,0.0,0,0,26,0,0
1387,2020-03-05,unpaid,internal,0.0,0,0,185,0,0
1388,2020-03-05,unpaid,notset,0.0,0,0,31,1,1
1389,2020-03-05,unpaid,organic,0.0,0,0,717,12,12
1390,2020-03-05,unpaid,referral,0.0,0,0,90,0,0
1391,2020-03-06,AdWords,adwords_bra,156.89,373,210,243,10,8
1392,2020-03-06,AdWords,adwords_pla,8222.460000000001,157744,2068,2171,33,33
1393,2020-03-06,AdWords,adwords_rem,853.07,18831,222,231,0,0
1394,2020-03-06,AdWords,adwords_sea,53.910000000000004,449,17,28,1,1
1395,2020-03-06,FacebookBusinessAdsManager,facebook,277.46,7697,354,0,0,0
1396,2020-03-06,FirmyCz,zbozi,80.54,713,6,3,0,0
1397,2020-03-06,HeurekaCz,heureka,92.3,0,28,34,3,3
1398,2020-03-06,Not tracked,notset,0.0,0,0,0,22,21
1399,2020-03-06,RtbHouse,rtbhouse,705.46,36464,779,551,5,4
1400,2020-03-06,Silverpop,emailing,1290.32,0,0,1320,16,15
1401,2020-03-06,Sklik,sklik_bra,68.2,185,107,120,4,4
1402,2020-03-06,Sklik,sklik_pla,83.6,1557,31,33,1,1
1403,2020-03-06,Sklik,sklik_rem,339.1,16190,110,110,0,0
1404,2020-03-06,Sklik,sklik_sea,145.66,686,61,59,0,0
1405,2020-03-06,ZboziCz,zbozi,455.85,2429,53,42,0,0
1406,2020-03-06,unpaid,direct,0.0,0,0,534,7,6
1407,2020-03-06,unpaid,facebook,0.0,0,0,61,1,1
1408,2020-03-06,unpaid,internal,0.0,0,0,159,0,0
1409,2020-03-06,unpaid,notset,0.0,0,0,24,2,2
1410,2020-03-06,unpaid,organic,0.0,0,0,627,9,8
1411,2020-03-06,unpaid,referral,0.0,0,0,70,0,0
1412,2020-03-07,AdWords,adwords_bra,78.02,311,147,181,11,11
1413,2020-03-07,AdWords,adwords_pla,6449.96,138562,1853,1922,19,18
1414,2020-03-07,AdWords,adwords_rem,871.32,22172,232,256,0,0
1415,2020-03-07,AdWords,adwords_sea,43.36,381,21,31,0,0
1416,2020-03-07,FacebookBusinessAdsManager,facebook,71.66,1575,38,0,0,0
1417,2020-03-07,FirmyCz,zbozi,80.54,714,6,1,0,0
1418,2020-03-07,HeurekaCz,heureka,130.8,0,42,63,1,1
1419,2020-03-07,Not tracked,notset,0.0,0,0,0,5,5
1420,2020-03-07,RtbHouse,rtbhouse,1579.58,29936,691,480,3,2
1421,2020-03-07,Silverpop,emailing,1290.32,0,0,824,21,21
1422,2020-03-07,Sklik,sklik_bra,43.1,135,71,76,3,3
1423,2020-03-07,Sklik,sklik_pla,72.7,1309,24,20,0,0
1424,2020-03-07,Sklik,sklik_rem,376.7,12457,113,110,1,1
1425,2020-03-07,Sklik,sklik_sea,172.99,675,71,74,0,0
1426,2020-03-07,ZboziCz,zbozi,368.72,2545,56,46,1,1
1427,2020-03-07,unpaid,direct,0.0,0,0,475,3,3
1428,2020-03-07,unpaid,facebook,0.0,0,0,14,0,0
1429,2020-03-07,unpaid,internal,0.0,0,0,151,0,0
1430,2020-03-07,unpaid,notset,0.0,0,0,17,1,1
1431,2020-03-07,unpaid,organic,0.0,0,0,571,4,4
1432,2020-03-07,unpaid,referral,0.0,0,0,69,2,2
1433,2020-03-08,AdWords,adwords_bra,107.65,292,150,183,12,12
1434,2020-03-08,AdWords,adwords_pla,9344.609999999999,179378,2393,2517,33,32
1435,2020-03-08,AdWords,adwords_rem,884.01,18729,196,202,4,3
1436,2020-03-08,AdWords,adwords_sea,41.78,397,20,26,1,1
1437,2020-03-08,FacebookBusinessAdsManager,facebook,256.9,5521,275,0,0,0
1438,2020-03-08,FirmyCz,zbozi,80.54,714,7,2,0,0
1439,2020-03-08,HeurekaCz,heureka,120.2,0,37,62,1,1
1440,2020-03-08,Not tracked,notset,0.0,0,0,0,7,7
1441,2020-03-08,RtbHouse,rtbhouse,1554.17,34825,876,644,10,10
1442,2020-03-08,Silverpop,emailing,1290.32,0,0,430,21,20
1443,2020-03-08,Sklik,sklik_bra,64.0,126,95,110,5,4
1444,2020-03-08,Sklik,sklik_pla,84.8,1441,28,32,1,1
1445,2020-03-08,Sklik,sklik_rem,0.0,0,0,154,2,2
1446,2020-03-08,Sklik,sklik_sea,162.83,761,75,74,0,0
1447,2020-03-08,ZboziCz,zbozi,528.02,2968,85,63,0,0
1448,2020-03-08,unpaid,direct,0.0,0,0,480,11,10
1449,2020-03-08,unpaid,facebook,0.0,0,0,22,1,1
1450,2020-03-08,unpaid,internal,0.0,0,0,198,0,0
1451,2020-03-08,unpaid,notset,0.0,0,0,14,0,0
1452,2020-03-08,unpaid,organic,0.0,0,0,661,5,4
1453,2020-03-08,unpaid,referral,0.0,0,0,82,0,0
1454,2020-03-09,AdWords,adwords_bra,199.1,393,209,244,9,9
1455,2020-03-09,AdWords,adwords_pla,11965.23,225697,2611,2692,27,27
1456,2020-03-09,AdWords,adwords_rem,883.6,25894,203,218,0,0
1457,2020-03-09,AdWords,adwords_sea,53.29,576,23,34,0,0
1458,2020-03-09,Bing,bing,0.0,0,0,1,0,0
1459,2020-03-09,FacebookBusinessAdsManager,facebook,16.42,3048,4,0,0,0
1460,2020-03-09,FirmyCz,zbozi,80.54,804,3,5,0,0
1461,2020-03-09,HeurekaCz,heureka,159.3,0,43,65,1,1
1462,2020-03-09,Not tracked,notset,0.0,0,0,0,16,12
1463,2020-03-09,RtbHouse,rtbhouse,1059.8,46770,833,627,3,3
1464,2020-03-09,Silverpop,emailing,1290.32,0,0,1417,17,17
1465,2020-03-09,Sklik,sklik_bra,57.4,151,91,109,2,2
1466,2020-03-09,Sklik,sklik_pla,64.5,1943,27,30,1,1
1467,2020-03-09,Sklik,sklik_rem,402.5,16256,121,107,1,1
1468,2020-03-09,Sklik,sklik_sea,120.9,806,59,58,0,0
1469,2020-03-09,ZboziCz,zbozi,549.66,2837,85,65,1,1
1470,2020-03-09,unpaid,direct,0.0,0,0,616,8,8
1471,2020-03-09,unpaid,facebook,0.0,0,0,46,0,0
1472,2020-03-09,unpaid,internal,0.0,0,0,150,0,0
1473,2020-03-09,unpaid,notset,0.0,0,0,34,0,0
1474,2020-03-09,unpaid,organic,0.0,0,0,773,10,10
1475,2020-03-09,unpaid,referral,0.0,0,0,94,1,1
1476,2020-03-10,AdWords,adwords_bra,122.73,341,191,218,7,7
1477,2020-03-10,AdWords,adwords_pla,8189.66,157020,1681,1763,28,27
1478,2020-03-10,AdWords,adwords_rem,892.01,17451,142,159,1,1
1479,2020-03-10,AdWords,adwords_sea,54.24,534,21,22,0,0
1480,2020-03-10,FacebookBusinessAdsManager,facebook,29.7,5220,7,0,0,0
1481,2020-03-10,FirmyCz,zbozi,80.54,804,3,3,0,0
1482,2020-03-10,HeurekaCz,heureka,122.3,0,32,40,0,0
1483,2020-03-10,Not tracked,notset,0.0,0,0,0,16,13
1484,2020-03-10,RtbHouse,rtbhouse,1775.61,50138,954,667,5,5
1485,2020-03-10,Silverpop,emailing,1290.32,0,0,1724,28,28
1486,2020-03-10,Sklik,sklik_bra,64.3,150,112,123,4,4
1487,2020-03-10,Sklik,sklik_pla,116.3,1414,38,41,2,2
1488,2020-03-10,Sklik,sklik_rem,357.4,18117,114,124,0,0
1489,2020-03-10,Sklik,sklik_sea,132.84,658,49,49,1,1
1490,2020-03-10,ZboziCz,zbozi,378.06,2554,50,44,1,1
1491,2020-03-10,unpaid,direct,0.0,0,0,542,14,14
1492,2020-03-10,unpaid,facebook,0.0,0,0,28,1,1
1493,2020-03-10,unpaid,internal,0.0,0,0,166,0,0
1494,2020-03-10,unpaid,notset,0.0,0,0,32,3,3
1495,2020-03-10,unpaid,organic,0.0,0,0,676,12,11
1496,2020-03-10,unpaid,referral,0.0,0,0,88,0,0
1497,2020-03-11,AdWords,adwords_bra,128.73,414,225,255,6,5
1498,2020-03-11,AdWords,adwords_pla,8250.8,138512,1536,1701,18,18
1499,2020-03-11,AdWords,adwords_rem,768.95,24071,197,226,0,0
1500,2020-03-11,AdWords,adwords_sea,67.37,575,34,35,0,0
1501,2020-03-11,FacebookBusinessAdsManager,facebook,31.96,5186,14,0,0,0
1502,2020-03-11,FirmyCz,zbozi,80.54,804,3,2,0,0
1503,2020-03-11,HeurekaCz,heureka,112.6,0,35,56,1,1
1504,2020-03-11,Not tracked,notset,0.0,0,0,0,22,18
1505,2020-03-11,RtbHouse,rtbhouse,2450.12,47138,837,648,4,4
1506,2020-03-11,Silverpop,emailing,1290.32,0,0,2693,18,18
1507,2020-03-11,Sklik,sklik_bra,60.8,147,101,119,9,9
1508,2020-03-11,Sklik,sklik_pla,94.6,1669,40,42,0,0
1509,2020-03-11,Sklik,sklik_rem,371.7,18597,121,124,2,2
1510,2020-03-11,Sklik,sklik_sea,156.85999999999999,837,67,66,0,0
1511,2020-03-11,ZboziCz,zbozi,775.11,2556,72,51,2,2
1512,2020-03-11,unpaid,direct,0.0,0,0,588,14,13
1513,2020-03-11,unpaid,facebook,0.0,0,0,26,0,0
1514,2020-03-11,unpaid,internal,0.0,0,0,146,0,0
1515,2020-03-11,unpaid,notset,0.0,0,0,26,1,1
1516,2020-03-11,unpaid,organic,0.0,0,0,729,11,11
1517,2020-03-11,unpaid,referral,0.0,0,0,96,2,2
1518,2020-03-12,AdWords,adwords_bra,168.97,322,189,221,9,8
1519,2020-03-12,AdWords,adwords_pla,8334.529999999999,152166,1829,1906,31,31
1520,2020-03-12,AdWords,adwords_rem,739.34,21564,165,191,0,0
1521,2020-03-12,AdWords,adwords_sea,38.739999999999995,367,16,21,0,0
1522,2020-03-12,FacebookBusinessAdsManager,facebook,32.36,5473,12,0,0,0
1523,2020-03-12,FirmyCz,zbozi,80.54,804,4,0,0,0
1524,2020-03-12,HeurekaCz,heureka,89.3,0,26,45,0,0
1525,2020-03-12,Not tracked,notset,0.0,0,0,0,22,18
1526,2020-03-12,RtbHouse,rtbhouse,6112.95,58330,1068,736,11,10
1527,2020-03-12,Silverpop,emailing,1290.32,0,0,1747,25,25
1528,2020-03-12,Sklik,notset,0.0,0,0,1,0,0
1529,2020-03-12,Sklik,sklik_bra,48.3,117,78,87,3,3
1530,2020-03-12,Sklik,sklik_pla,69.0,1672,30,32,0,0
1531,2020-03-12,Sklik,sklik_rem,375.5,21130,129,137,1,1
1532,2020-03-12,Sklik,sklik_sea,146.04,716,49,49,0,0
1533,2020-03-12,ZboziCz,zbozi,373.94,2046,46,48,3,3
1534,2020-03-12,unpaid,direct,0.0,0,0,533,13,12
1535,2020-03-12,unpaid,facebook,0.0,0,0,20,0,0
1536,2020-03-12,unpaid,internal,0.0,0,0,303,0,0
1537,2020-03-12,unpaid,notset,0.0,0,0,20,0,0
1538,2020-03-12,unpaid,organic,0.0,0,0,579,6,6
1539,2020-03-12,unpaid,referral,0.0,0,0,70,0,0
1540,2020-03-13,AdWords,adwords_bra,161.65,291,153,180,5,5
1541,2020-03-13,AdWords,adwords_pla,3933.26,105265,1230,1341,20,20
1542,2020-03-13,AdWords,adwords_rem,643.64,18667,149,173,0,0
1543,2020-03-13,AdWords,adwords_sea,38.769999999999996,431,18,21,0,0
1544,2020-03-13,FacebookBusinessAdsManager,facebook,31.65,5587,9,0,0,0
1545,2020-03-13,FirmyCz,zbozi,80.54,804,3,8,0,0
1546,2020-03-13,HeurekaCz,heureka,0.0,0,0,23,4,4
1547,2020-03-13,Not tracked,notset,0.0,0,0,0,15,11
1548,2020-03-13,RtbHouse,rtbhouse,1798.76,48960,929,664,4,4
1549,2020-03-13,Silverpop,emailing,1290.32,0,0,1892,30,29
1550,2020-03-13,Sklik,sklik_bra,48.3,113,75,83,5,5
1551,2020-03-13,Sklik,sklik_pla,77.9,1594,27,29,0,0
1552,2020-03-13,Sklik,sklik_rem,399.59999999999997,20349,126,115,1,1
1553,2020-03-13,Sklik,sklik_sea,106.41,694,41,40,0,0
1554,2020-03-13,ZboziCz,zbozi,432.02,2190,56,54,2,2
1555,2020-03-13,unpaid,direct,0.0,0,0,531,8,7
1556,2020-03-13,unpaid,facebook,0.0,0,0,14,0,0
1557,2020-03-13,unpaid,internal,0.0,0,0,562,0,0
1558,2020-03-13,unpaid,notset,0.0,0,0,15,0,0
1559,2020-03-13,unpaid,organic,0.0,0,0,511,6,6
1560,2020-03-13,unpaid,referral,0.0,0,0,71,2,2
1561,2020-03-14,AdWords,adwords_bra,41.3,189,104,133,2,2
1562,2020-03-14,AdWords,adwords_pla,5836.26,112020,1600,1596,28,26
1563,2020-03-14,AdWords,adwords_rem,394.06,15702,103,109,0,0
1564,2020-03-14,AdWords,adwords_sea,52.74,263,16,27,1,1
1565,2020-03-14,FacebookBusinessAdsManager,facebook,31.22,5665,6,0,0,0
1566,2020-03-14,FirmyCz,zbozi,80.54,804,3,0,0,0
1567,2020-03-14,HeurekaCz,heureka,0.0,0,0,9,0,0
1568,2020-03-14,Not tracked,notset,0.0,0,0,0,4,3
1569,2020-03-14,RtbHouse,rtbhouse,507.71,42043,920,644,3,2
1570,2020-03-14,Silverpop,emailing,1290.32,0,0,966,16,16
1571,2020-03-14,Sklik,sklik_bra,44.8,104,67,72,1,1
1572,2020-03-14,Sklik,sklik_pla,87.5,2081,26,24,0,0
1573,2020-03-14,Sklik,sklik_rem,331.0,17545,115,113,0,0
1574,2020-03-14,Sklik,sklik_sea,105.58,554,54,50,0,0
1575,2020-03-14,ZboziCz,zbozi,397.27,1921,47,50,1,1
1576,2020-03-14,unpaid,direct,0.0,0,0,385,2,2
1577,2020-03-14,unpaid,facebook,0.0,0,0,22,0,0
1578,2020-03-14,unpaid,internal,0.0,0,0,464,0,0
1579,2020-03-14,unpaid,notset,0.0,0,0,11,1,1
1580,2020-03-14,unpaid,organic,0.0,0,0,407,5,5
1581,2020-03-14,unpaid,referral,0.0,0,0,45,1,1
1582,2020-03-15,AdWords,adwords_bra,92.52,274,169,184,8,7
1583,2020-03-15,AdWords,adwords_pla,9770.59,154083,2158,2162,35,32
1584,2020-03-15,AdWords,adwords_rem,763.42,23298,216,224,1,1
1585,2020-03-15,AdWords,adwords_sea,13.57,325,8,14,0,0
1586,2020-03-15,Adform,adform_prospecting,0.0,0,0,1,0,0
1587,2020-03-15,FacebookBusinessAdsManager,facebook,26.69,5343,2,0,0,0
1588,2020-03-15,FirmyCz,zbozi,80.54,804,3,0,0,0
1589,2020-03-15,HeurekaCz,heureka,0.0,0,0,12,1,1
1590,2020-03-15,Not tracked,notset,0.0,0,0,0,9,6
1591,2020-03-15,RtbHouse,rtbhouse,1730.34,48765,1051,759,5,4
1592,2020-03-15,Silverpop,emailing,1290.32,0,0,522,19,18
1593,2020-03-15,Sklik,sklik_bra,53.5,105,82,92,2,2
1594,2020-03-15,Sklik,sklik_pla,158.6,2199,39,39,2,2
1595,2020-03-15,Sklik,sklik_rem,497.59999999999997,19833,174,151,1,1
1596,2020-03-15,Sklik,sklik_sea,164.1,551,59,60,0,0
1597,2020-03-15,ZboziCz,zbozi,373.86,2546,58,55,0,0
1598,2020-03-15,unpaid,direct,0.0,0,0,459,5,5
1599,2020-03-15,unpaid,facebook,0.0,0,0,14,0,0
1600,2020-03-15,unpaid,internal,0.0,0,0,575,0,0
1601,2020-03-15,unpaid,notset,0.0,0,0,24,0,0
1602,2020-03-15,unpaid,organic,0.0,0,0,495,5,5
1603,2020-03-15,unpaid,push,0.0,0,0,1,0,0
1604,2020-03-15,unpaid,referral,0.0,0,0,61,0,0
1605,2020-03-16,AdWords,adwords_bra,137.22,335,196,226,5,5
1606,2020-03-16,AdWords,adwords_pla,11956.21,192741,2077,2198,48,48
1607,2020-03-16,AdWords,adwords_rem,1023.83,32700,226,241,0,0
1608,2020-03-16,AdWords,adwords_sea,43.199999999999996,315,19,27,0,0
1609,2020-03-16,FirmyCz,zbozi,80.54,1114,8,0,0,0
1610,2020-03-16,HeurekaCz,heureka,73.4,0,19,23,0,0
1611,2020-03-16,Not tracked,notset,0.0,0,0,0,24,23
1612,2020-03-16,RtbHouse,rtbhouse,204.65,35215,635,479,2,2
1613,2020-03-16,Silverpop,emailing,1290.32,0,0,1232,18,18
1614,2020-03-16,Sklik,sklik_bra,54.8,131,92,99,3,3
1615,2020-03-16,Sklik,sklik_pla,151.1,3042,42,42,0,0
1616,2020-03-16,Sklik,sklik_rem,478.87,22427,159,154,1,1
1617,2020-03-16,Sklik,sklik_sea,107.29999999999998,590,42,42,0,0
1618,2020-03-16,ZboziCz,zbozi,346.07,2000,44,47,2,2
1619,2020-03-16,unpaid,direct,0.0,0,0,524,9,9
1620,2020-03-16,unpaid,facebook,0.0,0,0,9,0,0
1621,2020-03-16,unpaid,internal,0.0,0,0,468,0,0
1622,2020-03-16,unpaid,notset,0.0,0,0,20,0,0
1623,2020-03-16,unpaid,organic,0.0,0,0,504,9,9
1624,2020-03-16,unpaid,referral,0.0,0,0,49,0,0
1625,2020-03-17,AdWords,adwords_bra,172.15,341,208,225,11,10
1626,2020-03-17,AdWords,adwords_pla,9684.85,166420,1871,1917,32,30
1627,2020-03-17,AdWords,adwords_rem,1121.63,31299,249,250,2,2
1628,2020-03-17,AdWords,adwords_sea,32.22,297,18,21,0,0
1629,2020-03-17,FacebookBusinessAdsManager,facebook,249.65,7857,380,0,0,0
1630,2020-03-17,FirmyCz,zbozi,80.54,891,7,1,0,0
1631,2020-03-17,HeurekaCz,heureka,75.0,0,25,39,2,2
1632,2020-03-17,Not tracked,notset,0.0,0,0,0,16,10
1633,2020-03-17,RtbHouse,rtbhouse,380.38,26805,540,364,4,4
1634,2020-03-17,Silverpop,emailing,1290.32,0,0,1764,28,27
1635,2020-03-17,Sklik,sklik_bra,43.7,120,73,85,7,7
1636,2020-03-17,Sklik,sklik_pla,92.5,3065,24,26,1,1
1637,2020-03-17,Sklik,sklik_rem,472.45,22202,158,160,0,0
1638,2020-03-17,Sklik,sklik_sea,97.4,605,39,41,1,1
1639,2020-03-17,ZboziCz,zbozi,305.26,2139,52,38,2,2
1640,2020-03-17,unpaid,direct,0.0,0,0,461,7,7
1641,2020-03-17,unpaid,facebook,0.0,0,0,39,0,0
1642,2020-03-17,unpaid,internal,0.0,0,0,499,0,0
1643,2020-03-17,unpaid,notset,0.0,0,0,18,0,0
1644,2020-03-17,unpaid,organic,0.0,0,0,480,6,6
1645,2020-03-17,unpaid,referral,0.0,0,0,63,1,1
1646,2020-03-18,AdWords,adwords_bra,59.9,240,133,164,5,4
1647,2020-03-18,AdWords,adwords_pla,8935.19,162401,1751,1757,40,39
1648,2020-03-18,AdWords,adwords_rem,1006.3,25109,185,190,2,2
1649,2020-03-18,AdWords,adwords_sea,25.06,243,11,19,0,0
1650,2020-03-18,FacebookBusinessAdsManager,facebook,247.32,7502,285,0,0,0
1651,2020-03-18,FirmyCz,zbozi,0.0,893,8,1,0,0
1652,2020-03-18,HeurekaCz,heureka,122.0,0,28,32,1,1
1653,2020-03-18,Not tracked,notset,0.0,0,0,0,21,17
1654,2020-03-18,RtbHouse,rtbhouse,920.75,27032,549,403,4,4
1655,2020-03-18,Silverpop,emailing,1290.32,0,0,1428,28,27
1656,2020-03-18,Sklik,sklik_bra,48.3,128,74,87,2,2
1657,2020-03-18,Sklik,sklik_pla,91.9,2839,24,28,1,1
1658,2020-03-18,Sklik,sklik_rem,352.0,20066,126,141,1,1
1659,2020-03-18,Sklik,sklik_sea,99.54,498,39,47,0,0
1660,2020-03-18,ZboziCz,zbozi,373.1,2011,50,47,3,3
1661,2020-03-18,unpaid,direct,0.0,0,0,480,10,9
1662,2020-03-18,unpaid,facebook,0.0,0,0,23,0,0
1663,2020-03-18,unpaid,internal,0.0,0,0,438,0,0
1664,2020-03-18,unpaid,notset,0.0,0,0,17,1,1
1665,2020-03-18,unpaid,organic,0.0,0,0,452,0,0
1666,2020-03-18,unpaid,referral,0.0,0,0,55,0,0
1667,2020-03-19,AdWords,adwords_bra,119.28,278,151,186,9,9
1668,2020-03-19,AdWords,adwords_pla,6659.15,141319,1513,1590,41,41
1669,2020-03-19,AdWords,adwords_rem,687.7,23027,162,170,0,0
1670,2020-03-19,AdWords,adwords_sea,38.980000000000004,270,13,23,0,0
1671,2020-03-19,FacebookBusinessAdsManager,facebook,411.22,10385,394,0,0,0
1672,2020-03-19,FirmyCz,zbozi,80.54,668,5,3,0,0
1673,2020-03-19,HeurekaCz,heureka,73.0,0,21,34,2,2
1674,2020-03-19,Not tracked,notset,0.0,0,0,0,26,19
1675,2020-03-19,RtbHouse,rtbhouse,398.31,26696,550,403,1,1
1676,2020-03-19,Silverpop,emailing,1290.32,0,0,1206,19,18
1677,2020-03-19,Sklik,notset,0.0,0,0,1,0,0
1678,2020-03-19,Sklik,sklik_bra,53.4,120,87,99,3,3
1679,2020-03-19,Sklik,sklik_pla,173.5,3130,44,44,1,1
1680,2020-03-19,Sklik,sklik_rem,292.08,14547,94,131,1,1
1681,2020-03-19,Sklik,sklik_sea,103.24,640,40,41,0,0
1682,2020-03-19,ZboziCz,zbozi,337.65,1929,31,32,1,1
1683,2020-03-19,unpaid,direct,0.0,0,0,444,5,5
1684,2020-03-19,unpaid,facebook,0.0,0,0,20,0,0
1685,2020-03-19,unpaid,internal,0.0,0,0,437,0,0
1686,2020-03-19,unpaid,notset,0.0,0,0,28,2,2
1687,2020-03-19,unpaid,organic,0.0,0,0,438,6,6
1688,2020-03-19,unpaid,referral,0.0,0,0,71,1,1
1689,2020-03-19,unpaid,referralradiobeat,0.0,0,0,1,0,0
1690,2020-03-20,AdWords,adwords_bra,114.5,260,162,184,5,5
1691,2020-03-20,AdWords,adwords_pla,7422.69,140290,1595,1676,39,37
1692,2020-03-20,AdWords,adwords_rem,813.29,20297,161,168,2,2
1693,2020-03-20,AdWords,adwords_sea,24.240000000000002,281,12,12,0,0
1694,2020-03-20,FacebookBusinessAdsManager,facebook,52.87,1662,57,0,0,0
1695,2020-03-20,FirmyCz,zbozi,80.54,705,1,3,0,0
1696,2020-03-20,HeurekaCz,heureka,79.4,0,21,28,1,1
1697,2020-03-20,Not tracked,notset,0.0,0,0,0,13,6
1698,2020-03-20,RtbHouse,rtbhouse,1702.19,23842,483,348,6,6
1699,2020-03-20,Silverpop,emailing,1290.32,0,0,1491,29,28
1700,2020-03-20,Sklik,sklik_bra,44.3,91,53,58,2,2
1701,2020-03-20,Sklik,sklik_pla,174.8,2974,46,47,0,0
1702,2020-03-20,Sklik,sklik_rem,330.3,16006,111,138,0,0
1703,2020-03-20,Sklik,sklik_sea,81.52,441,33,33,0,0
1704,2020-03-20,ZboziCz,zbozi,284.37,1915,43,40,1,1
1705,2020-03-20,unpaid,direct,0.0,0,0,500,4,4
1706,2020-03-20,unpaid,display,0.0,0,0,1,0,0
1707,2020-03-20,unpaid,facebook,0.0,0,0,20,0,0
1708,2020-03-20,unpaid,internal,0.0,0,0,440,1,1
1709,2020-03-20,unpaid,notset,0.0,0,0,15,0,0
1710,2020-03-20,unpaid,organic,0.0,0,0,417,11,10
1711,2020-03-20,unpaid,referral,0.0,0,0,83,1,1
1712,2020-03-21,AdWords,adwords_bra,97.79,314,165,207,2,2
1713,2020-03-21,AdWords,adwords_pla,10491.789999999999,173357,2359,2377,36,34
1714,2020-03-21,AdWords,adwords_rem,923.33,22652,200,212,0,0
1715,2020-03-21,AdWords,adwords_sea,50.07,342,25,36,0,0
1716,2020-03-21,FirmyCz,zbozi,80.54,629,1,3,0,0
1717,2020-03-21,HeurekaCz,heureka,100.3,0,30,35,3,3
1718,2020-03-21,Not tracked,notset,0.0,0,0,0,16,8
1719,2020-03-21,RtbHouse,rtbhouse,5993.11,26555,828,561,6,5
1720,2020-03-21,Silverpop,emailing,1290.32,0,0,1271,16,15
1721,2020-03-21,Sklik,notset,0.0,0,0,1,0,0
1722,2020-03-21,Sklik,sklik_bra,64.6,158,96,99,6,5
1723,2020-03-21,Sklik,sklik_pla,208.1,3269,53,52,2,2
1724,2020-03-21,Sklik,sklik_rem,363.87,15132,126,175,3,3
1725,2020-03-21,Sklik,sklik_sea,134.28,584,57,54,1,1
1726,2020-03-21,ZboziCz,zbozi,587.68,2952,68,69,1,1
1727,2020-03-21,unpaid,direct,0.0,0,0,484,2,2
1728,2020-03-21,unpaid,facebook,0.0,0,0,64,1,1
1729,2020-03-21,unpaid,internal,0.0,0,0,538,0,0
1730,2020-03-21,unpaid,notset,0.0,0,0,18,0,0
1731,2020-03-21,unpaid,organic,0.0,0,0,547,9,8
1732,2020-03-21,unpaid,referral,0.0,0,0,86,1,1
1733,2020-03-22,AdWords,adwords_bra,90.26,330,202,232,12,11
1734,2020-03-22,AdWords,adwords_pla,14099.85,230281,3071,3142,45,43
1735,2020-03-22,AdWords,adwords_rem,882.36,28448,229,249,0,0
1736,2020-03-22,AdWords,adwords_sea,30.41,418,20,31,1,1
1737,2020-03-22,FirmyCz,zbozi,80.54,771,5,2,0,0
1738,2020-03-22,HeurekaCz,heureka,154.7,0,40,61,2,2
1739,2020-03-22,Not tracked,notset,0.0,0,0,0,17,6
1740,2020-03-22,RtbHouse,rtbhouse,2395.91,28924,696,525,2,2
1741,2020-03-22,Silverpop,emailing,1290.32,0,0,564,23,23
1742,2020-03-22,Sklik,sklik_bra,58.5,158,93,109,2,2
1743,2020-03-22,Sklik,sklik_pla,227.5,3617,62,62,1,1
1744,2020-03-22,Sklik,sklik_rem,415.4,15435,148,204,0,0
1745,2020-03-22,Sklik,sklik_sea,206.17999999999998,722,89,87,0,0
1746,2020-03-22,ZboziCz,zbozi,455.36,3371,75,58,1,1
1747,2020-03-22,unpaid,direct,0.0,0,0,501,9,9
1748,2020-03-22,unpaid,facebook,0.0,0,0,158,0,0
1749,2020-03-22,unpaid,internal,0.0,0,0,600,0,0
1750,2020-03-22,unpaid,notset,0.0,0,0,17,0,0
1751,2020-03-22,unpaid,organic,0.0,0,0,597,5,5
1752,2020-03-22,unpaid,referral,0.0,0,0,83,0,0
1753,2020-03-23,AdWords,adwords_bra,163.27,400,204,232,0,0
1754,2020-03-23,AdWords,adwords_pla,10642.37,196012,2244,2312,0,0
1755,2020-03-23,AdWords,adwords_rem,244.33,8998,74,97,0,0
1756,2020-03-23,AdWords,adwords_sea,20.580000000000002,353,12,25,0,0
1757,2020-03-23,FacebookBusinessAdsManager,facebook,282.84,18787,337,0,0,0
1758,2020-03-23,FirmyCz,zbozi,80.54,982,4,3,0,0
1759,2020-03-23,HeurekaCz,heureka,109.6,0,29,58,0,0
1760,2020-03-23,RtbHouse,rtbhouse,1709.93,21819,500,371,0,0
1761,2020-03-23,Silverpop,emailing,0.0,0,0,1796,0,0
1762,2020-03-23,Sklik,sklik_bra,81.9,161,117,128,0,0
1763,2020-03-23,Sklik,sklik_pla,217.1,3379,60,63,0,0
1764,2020-03-23,Sklik,sklik_rem,353.58,24726,116,160,0,0
1765,2020-03-23,Sklik,sklik_sea,130.3,797,52,51,0,0
1766,2020-03-23,ZboziCz,zbozi,681.48,2838,68,68,0,0
1767,2020-03-23,unpaid,direct,0.0,0,0,552,0,0
1768,2020-03-23,unpaid,facebook,0.0,0,0,73,0,0
1769,2020-03-23,unpaid,internal,0.0,0,0,601,0,0
1770,2020-03-23,unpaid,notset,0.0,0,0,27,0,0
1771,2020-03-23,unpaid,organic,0.0,0,0,598,0,0
1772,2020-03-23,unpaid,referral,0.0,0,0,105,0,0
1773,2020-03-24,AdWords,adwords_bra,212.06,407,215,238,0,0
1774,2020-03-24,AdWords,adwords_pla,12876.789999999999,230425,2587,2652,0,0
1775,2020-03-24,AdWords,adwords_rem,0.0,5292,56,61,0,0
1776,2020-03-24,AdWords,adwords_sea,35.69,382,13,13,0,0
1777,2020-03-24,FacebookBusinessAdsManager,facebook,197.98,18561,222,0,0,0
1778,2020-03-24,FirmyCz,zbozi,80.54,905,0,2,0,0
1779,2020-03-24,HeurekaCz,heureka,121.8,0,35,58,0,0
1780,2020-03-24,RtbHouse,rtbhouse,0.0,21972,453,339,0,0
1781,2020-03-24,Silverpop,emailing,0.0,0,0,1655,0,0
1782,2020-03-24,Sklik,sklik_bra,49.71,118,81,105,0,0
1783,2020-03-24,Sklik,sklik_pla,172.0,3152,43,42,0,0
1784,2020-03-24,Sklik,sklik_rem,321.4,16247,115,171,0,0
1785,2020-03-24,Sklik,sklik_sea,136.44,685,56,55,0,0
1786,2020-03-24,ZboziCz,zbozi,413.97,2842,62,60,0,0
1787,2020-03-24,unpaid,direct,0.0,0,0,524,0,0
1788,2020-03-24,unpaid,facebook,0.0,0,0,40,0,0
1789,2020-03-24,unpaid,internal,0.0,0,0,592,0,0
1790,2020-03-24,unpaid,notset,0.0,0,0,26,0,0
1791,2020-03-24,unpaid,organic,0.0,0,0,698,0,0
1792,2020-03-24,unpaid,referral,0.0,0,0,102,0,0
1793,2020-03-25,AdWords,adwords_bra,216.18,401,228,253,0,0
1794,2020-03-25,AdWords,adwords_pla,10928.52,205816,2294,2358,0,0
1795,2020-03-25,AdWords,adwords_rem,700.0,4997,51,65,0,0
1796,2020-03-25,AdWords,adwords_sea,43.66,397,19,22,0,0
1797,2020-03-25,Bing,bing,0.0,0,0,1,0,0
1798,2020-03-25,FacebookBusinessAdsManager,facebook,158.11,14474,169,0,0,0
1799,2020-03-25,FirmyCz,zbozi,80.54,935,14,3,0,0
1800,2020-03-25,HeurekaCz,heureka,140.0,0,39,51,0,0
1801,2020-03-25,RtbHouse,rtbhouse,0.0,21617,459,340,0,0
1802,2020-03-25,Silverpop,emailing,0.0,0,0,1560,0,0
1803,2020-03-25,Sklik,sklik_bra,62.3,158,90,96,0,0
1804,2020-03-25,Sklik,sklik_pla,161.5,3007,46,50,0,0
1805,2020-03-25,Sklik,sklik_rem,0.0,0,0,144,0,0
1806,2020-03-25,Sklik,sklik_sea,148.98,804,59,64,0,0
1807,2020-03-25,ZboziCz,zbozi,707.96,2985,72,70,0,0
1808,2020-03-25,unpaid,direct,0.0,0,0,510,0,0
1809,2020-03-25,unpaid,facebook,0.0,0,0,49,0,0
1810,2020-03-25,unpaid,internal,0.0,0,0,463,0,0
1811,2020-03-25,unpaid,notset,0.0,0,0,37,0,0
1812,2020-03-25,unpaid,organic,0.0,0,0,604,0,0
1813,2020-03-25,unpaid,referral,0.0,0,0,96,0,0
